ANMOIS;CIE;CIE_NOM;;CIE_PAYS;CIE_PAX;CIE_FRP;CIE_PEQ
202401;AAL;AMERICAN AIRLINES;;ETATS-UNIS;48156;1394,7;62103
202401;AAR;ASIANA AIRLINES;;COREE DU SUD;13174;317,1;16345
202401;ACA;AIR CANADA;;CANADA;58883;1333,7;72220
202401;ACI;AIRCALIN;;FRANCE (OM);43634;224,5;45879
202401;AEA;AIR EUROPA;;ESPAGNE;33569;22,1;33790
202401;AEE;AEGEAN AIRLINES;;GRECE;22589;66,7;23256
202401;AFR;AIR FRANCE;;FRANCE;3067168;38874,3;3455911
202401;AIC;AIR INDIA;;INDE;12124;370,8;15832
202401;AMC;AIR MALTA;;MALTE;17308;14,9;17457
202401;AMX;AEROMEXICO;;MEXIQUE;16021;457,8;20599
202401;ANE;AIR NOSTRUM;;ESPAGNE;64762;0,1;64763
202401;ASL;AIR SERBIA;;SERBIE;14031;15,5;14186
202401;AUA;AUSTRIAN AIRLINES;;AUTRICHE;39405;35,2;39757
202401;AZU;AZUL;;BRESIL;13490;284,9;16339
202401;BAW;BRITISH AIRWAYS;;ROYAUME-UNI;161485;93,7;162422
202401;BCS;EAT/EUROPEAN AIR TRANSP;;ALLEMAGNE;10;11269,6;112706
202401;BEL;BRUSSELS AIRLINES;;BELGIQUE;51559;2,2;51581
202401;BGA;AIRBUS TRANSPORT INTL;;FRANCE;0;2983,1;29831
202401;BTI;AIR BALTIC;;LETTONIE;14521;85,2;15373
202401;CCA;AIR CHINA INTL;;CHINE;27158;5147,8;78636
202401;CCM;AIR CORSICA;;FRANCE;136275;135,3;137628
202401;CES;CHINA EASTERN AIRLINES;;CHINE;24735;2055;45285
202401;CMA;CMA CGM AIR CARGO;;FRANCE;0;4933,5;49335
202401;CPA;CATHAY PACIFIC;;HONG KONG (CHINE);14929;1556,8;30497
202401;CRL;CORSAIR;;FRANCE;135895;2004,9;155944
202401;CSN;CHINA SOUTHERN AIRLINES;;CHINE;11715;562,4;17339
202401;DAH;AIR ALGERIE;;ALGERIE;240912;744,8;248360
202401;DAL;DELTA AIR LINES;;ETATS-UNIS;132141;2401,9;156160
202401;DLA;AIR DOLOMITI;;ITALIE;12018;0;12018
202401;DLH;LUFTHANSA;;ALLEMAGNE;187894;521,2;193106
202401;EFW;BA EUROFLYER;;ROYAUME-UNI;12129;0;12129
202401;EIN;AER LINGUS;;IRLANDE;45339;50,6;45845
202401;EJU;EASYJET EUROPE;;AUTRICHE;734264;0;734264
202401;ELY;EL AL;;ISRAEL;33183;866,6;41849
202401;ETD;ETIHAD AIRWAYS;;EMIRATS ARABES UNIS;21027;924,9;30276
202401;ETH;ETHIOPIAN AIRLINES;;ETHIOPIE;18242;513,3;23375
202401;EVA;EVA AIR;;TAIWAN;16760;403,5;20795
202401;EWG;EUROWINGS;;ALLEMAGNE;11157;0;11157
202401;EXS;JET2.COM;;ROYAUME-UNI;25625;6,5;25690
202401;EZS;EASYJET SWITZERLAND;;SUISSE;181952;0;181952
202401;EZY;EASYJET UK;;ROYAUME-UNI;224034;0;224034
202401;FBU;FRENCH BEE;;FRANCE;71831;740,5;79236
202401;FDX;FEDEX EXPRESS;;ETATS-UNIS;0;43912,3;439123
202401;FIN;FINNAIR;;FINLANDE;24754;110,4;25858
202401;FPO;ASL AIRLINES FRANCE;;FRANCE;23597;995,9;33556
202401;FWI;AIR CARAIBES;;FRANCE (OM);180372;1025,1;190623
202401;GPX;GP AVIATION LTD.;;BULGARIE;18556;0;18556
202401;GSW;CHAIR AIRLINES;;SUISSE;10594;0;10594
202401;HLF;CHINA CENTRAL AIRLINES;;CHINE;0;1955,5;19555
202401;HVN;VIETNAM AIRLINES;;VIETNAM;22187;877;30957
202401;IBE;IBERIA;;ESPAGNE;97312;108,3;98395
202401;IBS;IBERIA EXPRESS;;ESPAGNE;23898;9,5;23993
202401;ICE;ICELANDAIR;;ISLANDE;10172;31,7;10489
202401;ITY;ITALIA TRASPORTO AEREO;;ITALIE;77262;23,6;77498
202401;JAF;TUIFLY BELGIUM;;BELGIQUE;23017;0;23017
202401;JAL;JAPAN AIRLINES;;JAPON;9498;740,9;16907
202401;KAC;KUWAIT AIRWAYS;;KOWEIT;14562;619,5;20757
202401;KAL;KOREAN AIR;;COREE DU SUD;16716;969,7;26413
202401;KLC;KLM/CITYHOPPER;;PAYS-BAS;34245;0;34245
202401;KLM;KLM;;PAYS-BAS;132547;78,4;133331
202401;KQA;KENYA AIRWAYS;;KENYA;14076;428,9;18365
202401;LBT;NOUVELAIR;;TUNISIE;59010;33,3;59343
202401;LGL;LUXAIR;;LUXEMBOURG;10880;0;10880
202401;LOT;LOT POLISH AIRLINES;;POLOGNE;20012;31,7;20329
202401;MAC;AIR ARABIA MAROC;;MAROC;41495;6,8;41563
202401;MAU;AIR MAURITIUS;;MAURICE;58182;773,8;65920
202401;MEA;MIDDLE EAST AIRLINES;;LIBAN;14641;201,3;16654
202401;MNB;MNG AIRLINES;;TURQUIE;0;1389,2;13892
202401;MSR;EGYPT AIR;;EGYPTE;16687;602,3;22710
202401;NBT;NORSE ATLANTIC AIRWAYS;;NORVEGE;10054;146,6;11520
202401;NSZ;NORWEGIAN AIR SWEDEN AOC;;SUEDE;13809;0;13809
202401;OMA;OMAN AIR;;OMAN;13174;656,9;19743
202401;PGT;PEGASUS;;TURQUIE;80673;36,8;81041
202401;QTR;QATAR AIRWAYS;;QATAR;79939;5420;134139
202401;RAM;ROYAL AIR MAROC;;MAROC;116616;183,9;118455
202401;REU;AIR AUSTRAL;;FRANCE (OM);129534;1106,3;140597
202401;RJA;ROYAL JORDANIAN;;JORDANIE;12733;100,1;13734
202401;ROT;TAROM;;ROUMANIE;10376;10,3;10479
202401;ROU;AIR CANADA ROUGE;;CANADA;13170;5,5;13225
202401;RYR;RYANAIR;;IRLANDE;892845;19,5;893040
202401;SAS;SAS;;SUEDE;30307;34,1;30648
202401;SIA;SINGAPORE AIRLINES;;SINGAPOUR;23413;1339,1;36804
202401;SRR;STAR AIR DANEMARK;;DANEMARK;0;4278,4;42784
202401;SVA;SAUDIA;;ARABIE SAOUDITE;28590;1010,8;38698
202401;SWR;SWISS;;SUISSE;42635;151,9;44154
202401;SWT;SWIFTAIR ESPAGNE;;ESPAGNE;6;1926,8;19274
202401;SXS;SUNEXPRESS;;TURQUIE;13094;0;13094
202401;SZN;AIR SENEGAL;;SENEGAL;14329;407,9;18408
202401;TAM;TAM/BRASIL;;BRESIL;14918;430,9;19227
202401;TAP;TAP AIR PORTUGAL;;PORTUGAL;102539;72;103259
202401;TAR;TUNISAIR;;TUNISIE;67872;147,2;69344
202401;THA;THAI AIRWAYS INTL;;THAILANDE;18135;755,3;25688
202401;THT;AIR TAHITI NUI;;FRANCE (OM);25307;571,1;31018
202401;THY;TURKISH AIRLINES;;TURQUIE;162083;2401,5;186098
202401;TOM;TUI AIRWAYS;;ROYAUME-UNI;33535;16,4;33699
202401;TPC;AIR CALEDONIE;;FRANCE (OM);37588;124,6;38834
202401;TSC;AIR TRANSAT;;CANADA;40601;50,5;41106
202401;TVF;TRANSAVIA FRANCE;;FRANCE;742759;3,6;742795
202401;UAE;EMIRATES;;EMIRATS ARABES UNIS;104148;3595,5;140103
202401;UAL;UNITED AIRLINES;;ETATS-UNIS;41544;1294,4;54488
202401;UPS;UPS AIRLINES;;ETATS-UNIS;0;2104,7;21047
202401;VLG;VUELING AIRLINES;;ESPAGNE;414682;1,8;414700
202401;VOE;VOLOTEA;;ESPAGNE;266246;0,1;266247
202401;VTA;AIR TAHITI;;FRANCE (OM);67707;168,8;69395
202401;VTI;VISTARA;;INDE;11042;401,5;15057
202401;WIA;WINAIR (ANTILLES);;PAYS-BAS (ANTILLES);10593;0;10593
202401;WMT;WIZZ AIR MALTA;;MALTE;129532;0,2;129534
202401;WUK;WIZZ AIR UK;;ROYAUME-UNI;12241;0;12241
202401;WZZ;WIZZ AIR;;HONGRIE;131588;0;131588
202401;ZZE; AUTRES CIE (E);;_ZZ_E;222869;5297,3;275842
202401;ZZF; AUTRES CIE (F);;_ZZ_F;46127;375,5;49882
202402;AAL;AMERICAN AIRLINES;;ETATS-UNIS;43865;1696,8;60833
202402;AAR;ASIANA AIRLINES;;COREE DU SUD;13785;360,2;17387
202402;ACA;AIR CANADA;;CANADA;60125;1769,8;77823
202402;ACI;AIRCALIN;;FRANCE (OM);30474;292,1;33395
202402;AEA;AIR EUROPA;;ESPAGNE;33563;31,8;33881
202402;AEE;AEGEAN AIRLINES;;GRECE;20363;66,4;21027
202402;AFR;AIR FRANCE;;FRANCE;2956554;43544;3391994
202402;AIC;AIR INDIA;;INDE;12202;484;17042
202402;AMC;AIR MALTA;;MALTE;17978;18,2;18160
202402;AMX;AEROMEXICO;;MEXIQUE;11491;379,1;15282
202402;ANE;AIR NOSTRUM;;ESPAGNE;62646;0;62646
202402;ASL;AIR SERBIA;;SERBIE;11378;21,7;11595
202402;AUA;AUSTRIAN AIRLINES;;AUTRICHE;44292;37,2;44664
202402;AZU;AZUL;;BRESIL;9890;156;11450
202402;BAW;BRITISH AIRWAYS;;ROYAUME-UNI;176025;112;177145
202402;BCS;EAT/EUROPEAN AIR TRANSP;;ALLEMAGNE;4;10549,8;105502
202402;BEL;BRUSSELS AIRLINES;;BELGIQUE;61763;6,9;61832
202402;BGA;AIRBUS TRANSPORT INTL;;FRANCE;0;3287,9;32879
202402;BTI;AIR BALTIC;;LETTONIE;13136;64,9;13785
202402;CCA;AIR CHINA INTL;;CHINE;27533;4163,1;69164
202402;CCM;AIR CORSICA;;FRANCE;132769;111,9;133888
202402;CES;CHINA EASTERN AIRLINES;;CHINE;26859;2058,2;47441
202402;CMA;CMA CGM AIR CARGO;;FRANCE;0;4989,9;49899
202402;CPA;CATHAY PACIFIC;;HONG KONG (CHINE);14983;1994,5;34928
202402;CRL;CORSAIR;;FRANCE;117166;2231,4;139480
202402;CSN;CHINA SOUTHERN AIRLINES;;CHINE;11910;568,1;17591
202402;DAH;AIR ALGERIE;;ALGERIE;226953;1156,3;238516
202402;DAL;DELTA AIR LINES;;ETATS-UNIS;113901;2610,8;140009
202402;DLH;LUFTHANSA;;ALLEMAGNE;207655;527,3;212928
202402;EFW;BA EUROFLYER;;ROYAUME-UNI;11891;0;11891
202402;EIN;AER LINGUS;;IRLANDE;47499;57,6;48075
202402;EJU;EASYJET EUROPE;;AUTRICHE;1077999;0,2;1078001
202402;ELY;EL AL;;ISRAEL;33802;854,3;42345
202402;ETD;ETIHAD AIRWAYS;;EMIRATS ARABES UNIS;20685;1025,1;30936
202402;ETH;ETHIOPIAN AIRLINES;;ETHIOPIE;18400;706,7;25467
202402;EVA;EVA AIR;;TAIWAN;17111;556;22671
202402;EWG;EUROWINGS;;ALLEMAGNE;11559;0;11559
202402;EXS;JET2.COM;;ROYAUME-UNI;28154;6,7;28221
202402;EZS;EASYJET SWITZERLAND;;SUISSE;281449;0;281449
202402;EZY;EASYJET UK;;ROYAUME-UNI;287206;0;287206
202402;FBU;FRENCH BEE;;FRANCE;53470;823;61700
202402;FDX;FEDEX EXPRESS;;ETATS-UNIS;0;42861;428610
202402;FIN;FINNAIR;;FINLANDE;23308;94,7;24255
202402;FPO;ASL AIRLINES FRANCE;;FRANCE;18054;949,4;27548
202402;FWI;AIR CARAIBES;;FRANCE (OM);177957;1018,5;188142
202402;GPX;GP AVIATION LTD.;;BULGARIE;14145;0;14145
202402;HLF;CHINA CENTRAL AIRLINES;;CHINE;0;1324,2;13242
202402;HVN;VIETNAM AIRLINES;;VIETNAM;23575;1141,8;34993
202402;IBE;IBERIA;;ESPAGNE;105302;123,9;106541
202402;IBS;IBERIA EXPRESS;;ESPAGNE;22392;9,5;22487
202402;ICE;ICELANDAIR;;ISLANDE;11970;33,6;12306
202402;ITY;ITALIA TRASPORTO AEREO;;ITALIE;78835;37,6;79211
202402;JAF;TUIFLY BELGIUM;;BELGIQUE;23233;0;23233
202402;JAL;JAPAN AIRLINES;;JAPON;10833;845,6;19289
202402;KAC;KUWAIT AIRWAYS;;KOWEIT;13300;632,8;19628
202402;KAL;KOREAN AIR;;COREE DU SUD;18541;1085;29391
202402;KLC;KLM/CITYHOPPER;;PAYS-BAS;27772;0;27772
202402;KLM;KLM;;PAYS-BAS;146099;74;146839
202402;KQA;KENYA AIRWAYS;;KENYA;13015;524,7;18262
202402;LBT;NOUVELAIR;;TUNISIE;56384;37,1;56755
202402;LGL;LUXAIR;;LUXEMBOURG;11010;0;11010
202402;LOT;LOT POLISH AIRLINES;;POLOGNE;21512;31,3;21825
202402;MAC;AIR ARABIA MAROC;;MAROC;43153;5,7;43210
202402;MAU;AIR MAURITIUS;;MAURICE;28305;964,6;37951
202402;MEA;MIDDLE EAST AIRLINES;;LIBAN;12688;264,1;15329
202402;MNB;MNG AIRLINES;;TURQUIE;0;1174,6;11746
202402;MSR;EGYPT AIR;;EGYPTE;17700;593,6;23636
202402;NOZ;NORWEGIAN AIR SHUTTLE AOC AS;;NORVEGE;11309;0;11309
202402;NSZ;NORWEGIAN AIR SWEDEN AOC;;SUEDE;18287;0;18287
202402;OMA;OMAN AIR;;OMAN;13894;722,2;21116
202402;PGT;PEGASUS;;TURQUIE;77752;40,3;78155
202402;QTR;QATAR AIRWAYS;;QATAR;80426;6204;142466
202402;RAM;ROYAL AIR MAROC;;MAROC;119860;209,1;121951
202402;REU;AIR AUSTRAL;;FRANCE (OM);70997;1262,3;83620
202402;RJA;ROYAL JORDANIAN;;JORDANIE;13832;223,9;16071
202402;ROT;TAROM;;ROUMANIE;10995;7,8;11073
202402;ROU;AIR CANADA ROUGE;;CANADA;14105;4,1;14146
202402;RYR;RYANAIR;;IRLANDE;838294;19,4;838488
202402;SAS;SAS;;SUEDE;36077;23,5;36312
202402;SEH;SKY EXPRESS;;GRECE;10396;1,7;10413
202402;SIA;SINGAPORE AIRLINES;;SINGAPOUR;20879;1346,1;34340
202402;SRR;STAR AIR DANEMARK;;DANEMARK;0;4295,3;42953
202402;SVA;SAUDIA;;ARABIE SAOUDITE;31166;1316,1;44327
202402;SWR;SWISS;;SUISSE;45605;158,7;47192
202402;SWT;SWIFTAIR ESPAGNE;;ESPAGNE;6;1806,4;18070
202402;SXS;SUNEXPRESS;;TURQUIE;12449;0,3;12452
202402;SZN;AIR SENEGAL;;SENEGAL;13201;257,1;15772
202402;TAM;TAM/BRASIL;;BRESIL;14230;481,6;19046
202402;TAP;TAP AIR PORTUGAL;;PORTUGAL;104752;83,1;105583
202402;TAR;TUNISAIR;;TUNISIE;65464;189,2;67356
202402;THA;THAI AIRWAYS INTL;;THAILANDE;16003;652,1;22524
202402;THT;AIR TAHITI NUI;;FRANCE (OM);23560;730,7;30867
202402;THY;TURKISH AIRLINES;;TURQUIE;161511;2954,4;191055
202402;TOM;TUI AIRWAYS;;ROYAUME-UNI;34484;15,8;34642
202402;TPC;AIR CALEDONIE;;FRANCE (OM);30601;119,3;31794
202402;TSC;AIR TRANSAT;;CANADA;31098;80,1;31899
202402;TVF;TRANSAVIA FRANCE;;FRANCE;807024;15,5;807179
202402;UAE;EMIRATES;;EMIRATS ARABES UNIS;111862;3887,2;150734
202402;UAL;UNITED AIRLINES;;ETATS-UNIS;41175;1677,3;57948
202402;UPS;UPS AIRLINES;;ETATS-UNIS;0;2135,9;21359
202402;VLG;VUELING AIRLINES;;ESPAGNE;439892;0,6;439898
202402;VOE;VOLOTEA;;ESPAGNE;188054;0,1;188055
202402;VTA;AIR TAHITI;;FRANCE (OM);55277;159;56867
202402;VTI;VISTARA;;INDE;10416;419,8;14614
202402;WJA;WESTJET;;CANADA;9144;125,2;10396
202402;WMT;WIZZ AIR MALTA;;MALTE;114421;0;114421
202402;WUK;WIZZ AIR UK;;ROYAUME-UNI;13636;0;13636
202402;WZZ;WIZZ AIR;;HONGRIE;121805;0;121805
202402;ZZE; AUTRES CIE (E);;_ZZ_E;248320;4946,8;297788
202402;ZZF; AUTRES CIE (F);;_ZZ_F;46321;313,2;49453
202403;AAL;AMERICAN AIRLINES;;ETATS-UNIS;60724;2288,9;83613
202403;AAR;ASIANA AIRLINES;;COREE DU SUD;13047;489,6;17943
202403;ACA;AIR CANADA;;CANADA;77057;2119,2;98249
202403;ACI;AIRCALIN;;FRANCE (OM);28822;206,3;30885
202403;AEA;AIR EUROPA;;ESPAGNE;37398;31;37708
202403;AEE;AEGEAN AIRLINES;;GRECE;28610;63,6;29246
202403;AFR;AIR FRANCE;;FRANCE;3297390;32290,6;3620296
202403;AIC;AIR INDIA;;INDE;14103;602,6;20129
202403;AMC;AIR MALTA;;MALTE;20146;20,6;20352
202403;AMX;AEROMEXICO;;MEXIQUE;15039;447,6;19515
202403;ANE;AIR NOSTRUM;;ESPAGNE;65991;0;65991
202403;ASL;AIR SERBIA;;SERBIE;14607;17;14777
202403;AUA;AUSTRIAN AIRLINES;;AUTRICHE;53242;41,1;53653
202403;AZU;AZUL;;BRESIL;12303;284,3;15146
202403;BAW;BRITISH AIRWAYS;;ROYAUME-UNI;199669;127;200939
202403;BCS;EAT/EUROPEAN AIR TRANSP;;ALLEMAGNE;0;11270;112700
202403;BEL;BRUSSELS AIRLINES;;BELGIQUE;68689;7,5;68764
202403;BGA;AIRBUS TRANSPORT INTL;;FRANCE;0;2930,1;29301
202403;BTI;AIR BALTIC;;LETTONIE;18913;66,3;19576
202403;CCA;AIR CHINA INTL;;CHINE;32651;5393,1;86582
202403;CCM;AIR CORSICA;;FRANCE;154481;115,4;155635
202403;CES;CHINA EASTERN AIRLINES;;CHINE;29511;2615,3;55664
202403;CMA;CMA CGM AIR CARGO;;FRANCE;0;5775,3;57753
202403;CPA;CATHAY PACIFIC;;HONG KONG (CHINE);17186;1830,7;35493
202403;CRL;CORSAIR;;FRANCE;120625;2808,4;148709
202403;CSA;CSA CZECH AIRLINES;;TCHEQUIE;11075;15,3;11228
202403;CSN;CHINA SOUTHERN AIRLINES;;CHINE;12997;846,5;21462
202403;DAH;AIR ALGERIE;;ALGERIE;214291;1688,3;231174
202403;DAL;DELTA AIR LINES;;ETATS-UNIS;163462;1748,7;180949
202403;DHK;DHL AIR;;ROYAUME-UNI;0;1090,3;10903
202403;DLH;LUFTHANSA;;ALLEMAGNE;233187;594,1;239128
202403;EFW;BA EUROFLYER;;ROYAUME-UNI;14680;0;14680
202403;EIN;AER LINGUS;;IRLANDE;61400;74,7;62147
202403;EJU;EASYJET EUROPE;;AUTRICHE;1317434;0;1317434
202403;ELY;EL AL;;ISRAEL;40150;949,2;49642
202403;ETD;ETIHAD AIRWAYS;;EMIRATS ARABES UNIS;20236;1004,4;30280
202403;ETH;ETHIOPIAN AIRLINES;;ETHIOPIE;18789;1023,5;29024
202403;EVA;EVA AIR;;TAIWAN;19456;700,8;26464
202403;EWG;EUROWINGS;;ALLEMAGNE;23047;0;23047
202403;EXS;JET2.COM;;ROYAUME-UNI;36596;10,7;36703
202403;EZS;EASYJET SWITZERLAND;;SUISSE;347221;0;347221
202403;EZY;EASYJET UK;;ROYAUME-UNI;354855;0;354855
202403;FBU;FRENCH BEE;;FRANCE;62732;958,5;72317
202403;FDX;FEDEX EXPRESS;;ETATS-UNIS;0;49427,8;494278
202403;FIN;FINNAIR;;FINLANDE;25663;91,8;26581
202403;FPO;ASL AIRLINES FRANCE;;FRANCE;16097;1109,7;27194
202403;FPY;FLY PLAY;;ISLANDE;11056;27,4;11330
202403;FWI;AIR CARAIBES;;FRANCE (OM);173483;1092,3;184406
202403;GPX;GP AVIATION LTD.;;BULGARIE;15355;0;15355
202403;GSW;CHAIR AIRLINES;;SUISSE;10646;0;10646
202403;HLF;CHINA CENTRAL AIRLINES;;CHINE;0;1096,9;10969
202403;HVN;VIETNAM AIRLINES;;VIETNAM;27679;1382,7;41506
202403;IBE;IBERIA;;ESPAGNE;121560;149,4;123054
202403;IBS;IBERIA EXPRESS;;ESPAGNE;22132;16;22292
202403;ICE;ICELANDAIR;;ISLANDE;14742;18;14922
202403;ITY;ITALIA TRASPORTO AEREO;;ITALIE;90245;28,1;90526
202403;JAF;TUIFLY BELGIUM;;BELGIQUE;22995;0,1;22996
202403;JAL;JAPAN AIRLINES;;JAPON;12855;945,7;22312
202403;JBU;JETBLUE AIRWAYS CORPORAT;;ETATS-UNIS;11052;11,5;11167
202403;KAC;KUWAIT AIRWAYS;;KOWEIT;10929;746,5;18394
202403;KAL;KOREAN AIR;;COREE DU SUD;19540;1358;33120
202403;KLC;KLM/CITYHOPPER;;PAYS-BAS;30283;0,1;30284
202403;KLM;KLM;;PAYS-BAS;157694;81;158504
202403;KQA;KENYA AIRWAYS;;KENYA;14697;601,4;20711
202403;LBT;NOUVELAIR;;TUNISIE;63461;38,5;63846
202403;LGL;LUXAIR;;LUXEMBOURG;14017;0;14017
202403;LOT;LOT POLISH AIRLINES;;POLOGNE;24691;34,1;25032
202403;MAC;AIR ARABIA MAROC;;MAROC;36055;9,1;36146
202403;MAU;AIR MAURITIUS;;MAURICE;42375;1149,3;53868
202403;MEA;MIDDLE EAST AIRLINES;;LIBAN;13517;360,2;17119
202403;MSR;EGYPT AIR;;EGYPTE;16025;623,3;22258
202403;NBT;NORSE ATLANTIC AIRWAYS;;NORVEGE;10704;316;13864
202403;NOZ;NORWEGIAN AIR SHUTTLE AOC AS;;NORVEGE;13701;0,6;13707
202403;NSZ;NORWEGIAN AIR SWEDEN AOC;;SUEDE;27695;0;27695
202403;OMA;OMAN AIR;;OMAN;11244;902,2;20266
202403;PGT;PEGASUS;;TURQUIE;82725;61,5;83340
202403;QTR;QATAR AIRWAYS;;QATAR;83425;8421,6;167641
202403;RAM;ROYAL AIR MAROC;;MAROC;108332;188,6;110218
202403;REU;AIR AUSTRAL;;FRANCE (OM);87355;1188,1;99236
202403;RJA;ROYAL JORDANIAN;;JORDANIE;11876;121;13086
202403;ROT;TAROM;;ROUMANIE;13086;22,2;13308
202403;ROU;AIR CANADA ROUGE;;CANADA;14985;10,5;15090
202403;RYR;RYANAIR;;IRLANDE;1081826;15,8;1081984
202403;SAS;SAS;;SUEDE;56836;23,9;57075
202403;SEH;SKY EXPRESS;;GRECE;11191;1,1;11202
202403;SIA;SINGAPORE AIRLINES;;SINGAPOUR;24573;1819,9;42772
202403;SRR;STAR AIR DANEMARK;;DANEMARK;0;4558,6;45586
202403;SVA;SAUDIA;;ARABIE SAOUDITE;27878;1333,9;41217
202403;SWR;SWISS;;SUISSE;52046;172,8;53774
202403;SWT;SWIFTAIR ESPAGNE;;ESPAGNE;8;1987,1;19879
202403;SXS;SUNEXPRESS;;TURQUIE;15708;0,6;15714
202403;SZN;AIR SENEGAL;;SENEGAL;13526;419,5;17721
202403;TAM;TAM/BRASIL;;BRESIL;16373;687,7;23250
202403;TAP;TAP AIR PORTUGAL;;PORTUGAL;121601;68,4;122285
202403;TAR;TUNISAIR;;TUNISIE;78083;169,8;79781
202403;THA;THAI AIRWAYS INTL;;THAILANDE;19149;751,3;26662
202403;THT;AIR TAHITI NUI;;FRANCE (OM);29077;787,9;36956
202403;THY;TURKISH AIRLINES;;TURQUIE;171680;3164,2;203322
202403;TOM;TUI AIRWAYS;;ROYAUME-UNI;37295;18,9;37484
202403;TPC;AIR CALEDONIE;;FRANCE (OM);30248;135,2;31600
202403;TRA;TRANSAVIA PAYS BAS;;PAYS-BAS;12111;0;12111
202403;TSC;AIR TRANSAT;;CANADA;37805;59,7;38402
202403;TVF;TRANSAVIA FRANCE;;FRANCE;856557;0;856557
202403;UAE;EMIRATES;;EMIRATS ARABES UNIS;111457;4810,8;159565
202403;UAL;UNITED AIRLINES;;ETATS-UNIS;66397;2606,2;92459
202403;UPS;UPS AIRLINES;;ETATS-UNIS;0;2680,3;26803
202403;VLG;VUELING AIRLINES;;ESPAGNE;517502;2;517522
202403;VOE;VOLOTEA;;ESPAGNE;248897;0;248897
202403;VTA;AIR TAHITI;;FRANCE (OM);72481;165;74131
202403;VTI;VISTARA;;INDE;12405;587,2;18277
202403;WIA;WINAIR (ANTILLES);;PAYS-BAS (ANTILLES);10026;0;10026
202403;WJA;WESTJET;;CANADA;10436;110,8;11544
202403;WMT;WIZZ AIR MALTA;;MALTE;138215;0;138215
202403;WUK;WIZZ AIR UK;;ROYAUME-UNI;14463;0;14463
202403;WZZ;WIZZ AIR;;HONGRIE;130560;0;130560
202403;ZZE; AUTRES CIE (E);;_ZZ_E;233624;6292,7;296551
202403;ZZF; AUTRES CIE (F);;_ZZ_F;51823;287,2;54695
202404;AAL;AMERICAN AIRLINES;;ETATS-UNIS;56272;1880,5;75077
202404;AAR;ASIANA AIRLINES;;COREE DU SUD;14507;410;18607
202404;ABR;ASL AIRLINES IRELAND;;IRLANDE;0;1009;10090
202404;ACA;AIR CANADA;;CANADA;66775;1812,2;84897
202404;ACI;AIRCALIN;;FRANCE (OM);31535;239,1;33926
202404;AEA;AIR EUROPA;;ESPAGNE;34779;276,9;37548
202404;AEE;AEGEAN AIRLINES;;GRECE;51949;80,1;52750
202404;AFR;AIR FRANCE;;FRANCE;3390913;37160,8;3762521
202404;AIC;AIR INDIA;;INDE;13929;439,3;18322
202404;AMX;AEROMEXICO;;MEXIQUE;19708;637,7;26085
202404;ANE;AIR NOSTRUM;;ESPAGNE;74748;0;74748
202404;ASL;AIR SERBIA;;SERBIE;19183;16,5;19348
202404;AUA;AUSTRIAN AIRLINES;;AUTRICHE;70249;34,8;70597
202404;AZU;AZUL;;BRESIL;12884;285,6;15740
202404;BAW;BRITISH AIRWAYS;;ROYAUME-UNI;207858;118,3;209041
202404;BCS;EAT/EUROPEAN AIR TRANSP;;ALLEMAGNE;0;11163,7;111637
202404;BEL;BRUSSELS AIRLINES;;BELGIQUE;61318;4,8;61366
202404;BGA;AIRBUS TRANSPORT INTL;;FRANCE;0;2985,9;29859
202404;BTI;AIR BALTIC;;LETTONIE;23092;56,5;23657
202404;CCA;AIR CHINA INTL;;CHINE;33147;5083,8;83985
202404;CCM;AIR CORSICA;;FRANCE;183479;123,4;184713
202404;CES;CHINA EASTERN AIRLINES;;CHINE;27866;2197,3;49839
202404;CMA;CMA CGM AIR CARGO;;FRANCE;0;4906,4;49064
202404;CPA;CATHAY PACIFIC;;HONG KONG (CHINE);14314;1781,1;32125
202404;CRL;CORSAIR;;FRANCE;116477;2522;141697
202404;CSA;CSA CZECH AIRLINES;;TCHEQUIE;14546;17,3;14719
202404;CSN;CHINA SOUTHERN AIRLINES;;CHINE;11708;593,7;17645
202404;CTN;CROATIA AIRLINES;;CROATIE;12849;22;13069
202404;DAH;AIR ALGERIE;;ALGERIE;265457;839,4;273851
202404;DAL;DELTA AIR LINES;;ETATS-UNIS;186112;2470,7;210819
202404;DLH;LUFTHANSA;;ALLEMAGNE;307395;679,9;314194
202404;EFW;BA EUROFLYER;;ROYAUME-UNI;15513;0;15513
202404;EIN;AER LINGUS;;IRLANDE;71238;54,5;71783
202404;EJU;EASYJET EUROPE;;AUTRICHE;1501738;0,1;1501739
202404;ELY;EL AL;;ISRAEL;50655;693;57585
202404;ENT;ENTER AIR;;POLOGNE;22395;0;22395
202404;ETD;ETIHAD AIRWAYS;;EMIRATS ARABES UNIS;20795;919,5;29990
202404;ETH;ETHIOPIAN AIRLINES;;ETHIOPIE;19655;784,6;27501
202404;EVA;EVA AIR;;TAIWAN;18642;822,8;26870
202404;EWG;EUROWINGS;;ALLEMAGNE;38082;0;38082
202404;EXS;JET2.COM;;ROYAUME-UNI;18945;3,5;18980
202404;EZS;EASYJET SWITZERLAND;;SUISSE;419109;7,5;419184
202404;EZY;EASYJET UK;;ROYAUME-UNI;338147;0;338147
202404;FBU;FRENCH BEE;;FRANCE;78602;883,6;87438
202404;FDX;FEDEX EXPRESS;;ETATS-UNIS;0;45188,6;451886
202404;FIN;FINNAIR;;FINLANDE;32245;75,9;33004
202404;FPO;ASL AIRLINES FRANCE;;FRANCE;24837;1047,8;35315
202404;FPY;FLY PLAY;;ISLANDE;10272;32,4;10596
202404;FWI;AIR CARAIBES;;FRANCE (OM);167976;1147,6;179452
202404;GPX;GP AVIATION LTD.;;BULGARIE;20174;0;20174
202404;GSW;CHAIR AIRLINES;;SUISSE;19695;0;19695
202404;HLF;CHINA CENTRAL AIRLINES;;CHINE;0;2032,8;20328
202404;HVN;VIETNAM AIRLINES;;VIETNAM;22947;952,6;32473
202404;IBE;IBERIA;;ESPAGNE;123574;140,6;124980
202404;ICE;ICELANDAIR;;ISLANDE;17099;31,1;17410
202404;ITY;ITALIA TRASPORTO AEREO;;ITALIE;91621;25,7;91878
202404;JAF;TUIFLY BELGIUM;;BELGIQUE;24419;0;24419
202404;JAL;JAPAN AIRLINES;;JAPON;12286;848,9;20775
202404;JBU;JETBLUE AIRWAYS CORPORAT;;ETATS-UNIS;16372;3,7;16409
202404;KAC;KUWAIT AIRWAYS;;KOWEIT;10747;422,8;14975
202404;KAL;KOREAN AIR;;COREE DU SUD;20069;1157;31639
202404;KLC;KLM/CITYHOPPER;;PAYS-BAS;42789;0;42789
202404;KLM;KLM;;PAYS-BAS;121689;28;121969
202404;KMM;KM MALTA AIRLINES;;MALTE;28934;15,3;29087
202404;KQA;KENYA AIRWAYS;;KENYA;13888;543,8;19326
202404;LBT;NOUVELAIR;;TUNISIE;104869;23,4;105103
202404;LGL;LUXAIR;;LUXEMBOURG;20385;0,1;20386
202404;LOT;LOT POLISH AIRLINES;;POLOGNE;29259;28,6;29545
202404;MAC;AIR ARABIA MAROC;;MAROC;48468;6;48528
202404;MAU;AIR MAURITIUS;;MAURICE;43599;1306,2;56661
202404;MEA;MIDDLE EAST AIRLINES;;LIBAN;13365;351,4;16879
202404;MSR;EGYPT AIR;;EGYPTE;18464;660,8;25072
202404;NBT;NORSE ATLANTIC AIRWAYS;;NORVEGE;17040;172,7;18767
202404;NOZ;NORWEGIAN AIR SHUTTLE AOC AS;;NORVEGE;25950;2,4;25974
202404;NSZ;NORWEGIAN AIR SWEDEN AOC;;SUEDE;49796;0;49796
202404;NTR;AIR MOANA;;FRANCE (OM);10338;0;10338
202404;OMA;OMAN AIR;;OMAN;7776;452;12296
202404;PGT;PEGASUS;;TURQUIE;85903;31,9;86222
202404;QTR;QATAR AIRWAYS;;QATAR;86971;7503,5;162006
202404;RAM;ROYAL AIR MAROC;;MAROC;136846;239,2;139238
202404;REU;AIR AUSTRAL;;FRANCE (OM);83203;1241,8;95621
202404;RJA;ROYAL JORDANIAN;;JORDANIE;13444;140,9;14853
202404;ROT;TAROM;;ROUMANIE;15738;25,2;15990
202404;RUK;RYANAIR UK;;ROYAUME-UNI;13390;0,5;13395
202404;RYR;RYANAIR;;IRLANDE;1514028;21,6;1514244
202404;SAS;SAS;;SUEDE;72495;41,6;72911
202404;SEH;SKY EXPRESS;;GRECE;24329;8,9;24418
202404;SIA;SINGAPORE AIRLINES;;SINGAPOUR;27086;1359,1;40677
202404;SRR;STAR AIR DANEMARK;;DANEMARK;0;4780,6;47806
202404;SVA;SAUDIA;;ARABIE SAOUDITE;31713;1223,2;43945
202404;SWR;SWISS;;SUISSE;61636;167,9;63315
202404;SWT;SWIFTAIR ESPAGNE;;ESPAGNE;2;2238;22382
202404;SXS;SUNEXPRESS;;TURQUIE;31400;0,4;31404
202404;SZN;AIR SENEGAL;;SENEGAL;14130;344,8;17578
202404;TAM;TAM/BRASIL;;BRESIL;15557;469,5;20252
202404;TAP;TAP AIR PORTUGAL;;PORTUGAL;129992;76,3;130755
202404;TAR;TUNISAIR;;TUNISIE;110226;209,8;112324
202404;THA;THAI AIRWAYS INTL;;THAILANDE;19828;774,3;27571
202404;THT;AIR TAHITI NUI;;FRANCE (OM);35631;856,8;44199
202404;THY;TURKISH AIRLINES;;TURQUIE;165255;2667,1;191926
202404;TKJ;AJET;;TURQUIE;28703;16,8;28871
202404;TPC;AIR CALEDONIE;;FRANCE (OM);33864;140,2;35266
202404;TRA;TRANSAVIA PAYS BAS;;PAYS-BAS;18040;0;18040
202404;TSC;AIR TRANSAT;;CANADA;36005;0,1;36006
202404;TVF;TRANSAVIA FRANCE;;FRANCE;1245019;1,4;1245033
202404;UAE;EMIRATES;;EMIRATS ARABES UNIS;119623;3491,3;154536
202404;UAL;UNITED AIRLINES;;ETATS-UNIS;76687;2136,8;98055
202404;UPS;UPS AIRLINES;;ETATS-UNIS;0;2465;24650
202404;VLG;VUELING AIRLINES;;ESPAGNE;580815;3,6;580851
202404;VOE;VOLOTEA;;ESPAGNE;496557;0,3;496560
202404;VTA;AIR TAHITI;;FRANCE (OM);84384;167,4;86058
202404;VTI;VISTARA;;INDE;18320;776,9;26089
202404;WIA;WINAIR (ANTILLES);;PAYS-BAS (ANTILLES);10599;0;10599
202404;WJA;WESTJET;;CANADA;11527;87,4;12401
202404;WMT;WIZZ AIR MALTA;;MALTE;155734;0;155734
202404;WZZ;WIZZ AIR;;HONGRIE;133795;0,1;133796
202404;ZZE; AUTRES CIE (E);;_ZZ_E;214406;5919,6;273602
202404;ZZF; AUTRES CIE (F);;_ZZ_F;40587;395,7;44544
202405;AAL;AMERICAN AIRLINES;;ETATS-UNIS;72940;1798,9;90929
202405;AAR;ASIANA AIRLINES;;COREE DU SUD;15539;473,1;20270
202405;ABR;ASL AIRLINES IRELAND;;IRLANDE;0;1731,2;17312
202405;ACA;AIR CANADA;;CANADA;84218;1501,4;99232
202405;ACI;AIRCALIN;;FRANCE (OM);15310;134;16650
202405;AEA;AIR EUROPA;;ESPAGNE;35160;269,8;37858
202405;AEE;AEGEAN AIRLINES;;GRECE;74053;95,3;75006
202405;AFR;AIR FRANCE;;FRANCE;3570309;40151,3;3971822
202405;AIC;AIR INDIA;;INDE;12971;480,2;17773
202405;AMX;AEROMEXICO;;MEXIQUE;22676;605,3;28729
202405;ANE;AIR NOSTRUM;;ESPAGNE;79459;2,5;79484
202405;APP;AEROLINEAS PACIFICO ATLANTICO, S.A. (APAIR);;PANAMA;13339;0;13339
202405;ASL;AIR SERBIA;;SERBIE;21427;20,4;21631
202405;AUA;AUSTRIAN AIRLINES;;AUTRICHE;74183;31,7;74500
202405;AZU;AZUL;;BRESIL;14157;317,6;17333
202405;BAW;BRITISH AIRWAYS;;ROYAUME-UNI;228314;124,8;229562
202405;BCS;EAT/EUROPEAN AIR TRANSP;;ALLEMAGNE;0;11147,6;111476
202405;BEL;BRUSSELS AIRLINES;;BELGIQUE;69067;5,2;69119
202405;BGA;AIRBUS TRANSPORT INTL;;FRANCE;0;2902;29020
202405;BTI;AIR BALTIC;;LETTONIE;27819;57,5;28394
202405;CCA;AIR CHINA INTL;;CHINE;32323;5319,3;85516
202405;CCM;AIR CORSICA;;FRANCE;226126;122,1;227347
202405;CES;CHINA EASTERN AIRLINES;;CHINE;27778;2104,1;48819
202405;CMA;CMA CGM AIR CARGO;;FRANCE;0;5673,4;56734
202405;CPA;CATHAY PACIFIC;;HONG KONG (CHINE);12156;1743,4;29590
202405;CRL;CORSAIR;;FRANCE;97840;2418,7;122027
202405;CSA;CSA CZECH AIRLINES;;TCHEQUIE;15653;25,7;15910
202405;CSN;CHINA SOUTHERN AIRLINES;;CHINE;11833;605,9;17892
202405;CTN;CROATIA AIRLINES;;CROATIE;17617;21;17827
202405;DAH;AIR ALGERIE;;ALGERIE;268586;651,2;275098
202405;DAL;DELTA AIR LINES;;ETATS-UNIS;209637;2631,8;235955
202405;DLH;LUFTHANSA;;ALLEMAGNE;330197;705,3;337250
202405;EFW;BA EUROFLYER;;ROYAUME-UNI;16475;0;16475
202405;EIN;AER LINGUS;;IRLANDE;85686;56,2;86248
202405;EJU;EASYJET EUROPE;;AUTRICHE;1597917;0,2;1597919
202405;ELY;EL AL;;ISRAEL;58796;762,6;66422
202405;ENT;ENTER AIR;;POLOGNE;38309;0;38309
202405;ETD;ETIHAD AIRWAYS;;EMIRATS ARABES UNIS;20887;863,9;29526
202405;ETH;ETHIOPIAN AIRLINES;;ETHIOPIE;20966;680,5;27771
202405;EVA;EVA AIR;;TAIWAN;18547;939,4;27941
202405;EWG;EUROWINGS;;ALLEMAGNE;57617;0;57617
202405;EXS;JET2.COM;;ROYAUME-UNI;14687;0;14687
202405;EZS;EASYJET SWITZERLAND;;SUISSE;463175;0;463175
202405;EZY;EASYJET UK;;ROYAUME-UNI;354355;0;354355
202405;FBU;FRENCH BEE;;FRANCE;84088;773,5;91823
202405;FDX;FEDEX EXPRESS;;ETATS-UNIS;1;48036,6;480367
202405;FIN;FINNAIR;;FINLANDE;33558;74,4;34302
202405;FPO;ASL AIRLINES FRANCE;;FRANCE;31264;986,7;41131
202405;FPY;FLY PLAY;;ISLANDE;11383;19,7;11580
202405;FWI;AIR CARAIBES;;FRANCE (OM);121350;1189,4;133244
202405;GPX;GP AVIATION LTD.;;BULGARIE;17674;0;17674
202405;GSW;CHAIR AIRLINES;;SUISSE;17454;0;17454
202405;HVN;VIETNAM AIRLINES;;VIETNAM;15425;505,6;20481
202405;IBE;IBERIA;;ESPAGNE;132965;169,5;134660
202405;ICE;ICELANDAIR;;ISLANDE;20791;23,8;21029
202405;ITY;ITALIA TRASPORTO AEREO;;ITALIE;95552;23,6;95788
202405;JAF;TUIFLY BELGIUM;;BELGIQUE;26009;0;26009
202405;JAL;JAPAN AIRLINES;;JAPON;12265;858,2;20847
202405;JBU;JETBLUE AIRWAYS CORPORAT;;ETATS-UNIS;15359;0;15359
202405;KAC;KUWAIT AIRWAYS;;KOWEIT;10395;561,2;16007
202405;KAL;KOREAN AIR;;COREE DU SUD;20778;1173,2;32510
202405;KLC;KLM/CITYHOPPER;;PAYS-BAS;49851;0;49851
202405;KLM;KLM;;PAYS-BAS;127322;27,3;127595
202405;KMM;KM MALTA AIRLINES;;MALTE;32153;16,2;32315
202405;KQA;KENYA AIRWAYS;;KENYA;15618;533;20948
202405;LBT;NOUVELAIR;;TUNISIE;106865;32,8;107193
202405;LGL;LUXAIR;;LUXEMBOURG;26050;0;26050
202405;LOT;LOT POLISH AIRLINES;;POLOGNE;29394;29,1;29685
202405;MAC;AIR ARABIA MAROC;;MAROC;59458;8;59538
202405;MAU;AIR MAURITIUS;;MAURICE;57174;1197;69144
202405;MEA;MIDDLE EAST AIRLINES;;LIBAN;15449;334,8;18797
202405;MSR;EGYPT AIR;;EGYPTE;17750;584;23590
202405;NBT;NORSE ATLANTIC AIRWAYS;;NORVEGE;24921;155,2;26473
202405;NOZ;NORWEGIAN AIR SHUTTLE AOC AS;;NORVEGE;35294;3,1;35325
202405;NSZ;NORWEGIAN AIR SWEDEN AOC;;SUEDE;61059;0;61059
202405;OMA;OMAN AIR;;OMAN;6636;518,2;11818
202405;PGT;PEGASUS;;TURQUIE;87105;29;87395
202405;QTR;QATAR AIRWAYS;;QATAR;83899;6218,6;146085
202405;RAM;ROYAL AIR MAROC;;MAROC;143285;211,6;145401
202405;REU;AIR AUSTRAL;;FRANCE (OM);99726;1353,7;113263
202405;RJA;ROYAL JORDANIAN;;JORDANIE;13078;72;13798
202405;ROT;TAROM;;ROUMANIE;16941;20,4;17145
202405;RUK;RYANAIR UK;;ROYAUME-UNI;15354;1,8;15372
202405;RYR;RYANAIR;;IRLANDE;1688924;23,4;1689158
202405;SAS;SAS;;SUEDE;82799;43,2;83231
202405;SEH;SKY EXPRESS;;GRECE;32304;8,9;32393
202405;SIA;SINGAPORE AIRLINES;;SINGAPOUR;26853;1258,5;39438
202405;SRR;STAR AIR DANEMARK;;DANEMARK;0;4293,4;42934
202405;SVA;SAUDIA;;ARABIE SAOUDITE;27977;1294,8;40925
202405;SWR;SWISS;;SUISSE;64997;167,7;66674
202405;SWT;SWIFTAIR ESPAGNE;;ESPAGNE;5;2161,2;21617
202405;SXS;SUNEXPRESS;;TURQUIE;41933;0,1;41934
202405;SZN;AIR SENEGAL;;SENEGAL;13176;313,7;16313
202405;TAM;TAM/BRASIL;;BRESIL;15715;464,9;20364
202405;TAP;TAP AIR PORTUGAL;;PORTUGAL;132611;64,6;133257
202405;TAR;TUNISAIR;;TUNISIE;111528;155,3;113081
202405;THA;THAI AIRWAYS INTL;;THAILANDE;17338;766,9;25007
202405;THT;AIR TAHITI NUI;;FRANCE (OM);33901;729,4;41195
202405;THY;TURKISH AIRLINES;;TURQUIE;174326;3013,9;204465
202405;TKJ;AJET;;TURQUIE;30985;13,3;31118
202405;TPC;AIR CALEDONIE;;FRANCE (OM);18453;66,4;19117
202405;TRA;TRANSAVIA PAYS BAS;;PAYS-BAS;28257;0;28257
202405;TSC;AIR TRANSAT;;CANADA;71573;2,7;71600
202405;TVF;TRANSAVIA FRANCE;;FRANCE;1334598;0;1334598
202405;UAE;EMIRATES;;EMIRATS ARABES UNIS;122351;3897,6;161327
202405;UAL;UNITED AIRLINES;;ETATS-UNIS;92148;2001,7;112165
202405;UPS;UPS AIRLINES;;ETATS-UNIS;0;2619,6;26196
202405;VLG;VUELING AIRLINES;;ESPAGNE;588945;3,3;588978
202405;VOE;VOLOTEA;;ESPAGNE;767357;1,5;767372
202405;VTA;AIR TAHITI;;FRANCE (OM);84793;186,6;86659
202405;VTI;VISTARA;;INDE;18126;760,3;25729
202405;WJA;WESTJET;;CANADA;19076;120,3;20279
202405;WMT;WIZZ AIR MALTA;;MALTE;162367;0,1;162368
202405;WZZ;WIZZ AIR;;HONGRIE;142086;0;142086
202405;ZZE; AUTRES CIE (E);;_ZZ_E;226252;6408,4;290336
202405;ZZF; AUTRES CIE (F);;_ZZ_F;51946;391,5;55861
202406;AAL;AMERICAN AIRLINES;;ETATS-UNIS;101571;2030,6;121877
202406;AAR;ASIANA AIRLINES;;COREE DU SUD;14748;448,2;19230
202406;ABR;ASL AIRLINES IRELAND;;IRLANDE;0;1443,3;14433
202406;ACA;AIR CANADA;;CANADA;86576;1370,9;100285
202406;ACI;AIRCALIN;;FRANCE (OM);15384;164,6;17030
202406;AEA;AIR EUROPA;;ESPAGNE;35227;6,6;35293
202406;AEE;AEGEAN AIRLINES;;GRECE;82331;98,3;83314
202406;AFR;AIR FRANCE;;FRANCE;3817022;40700,7;4224029
202406;AIC;AIR INDIA;;INDE;13386;470,8;18094
202406;AMX;AEROMEXICO;;MEXIQUE;21740;632,6;28066
202406;ANE;AIR NOSTRUM;;ESPAGNE;76813;0;76813
202406;APP;AEROLINEAS PACIFICO ATLANTICO, S.A. (APAIR);;PANAMA;13234;0;13234
202406;ASL;AIR SERBIA;;SERBIE;18140;13,5;18275
202406;AUA;AUSTRIAN AIRLINES;;AUTRICHE;81766;45,4;82220
202406;AZU;AZUL;;BRESIL;15484;273,1;18215
202406;BAW;BRITISH AIRWAYS;;ROYAUME-UNI;219947;110;221047
202406;BCS;EAT/EUROPEAN AIR TRANSP;;ALLEMAGNE;2;11104,1;111043
202406;BEL;BRUSSELS AIRLINES;;BELGIQUE;67568;3,2;67600
202406;BGA;AIRBUS TRANSPORT INTL;;FRANCE;0;2667,3;26673
202406;BTI;AIR BALTIC;;LETTONIE;28006;58,2;28588
202406;CCA;AIR CHINA INTL;;CHINE;29650;6784,7;97497
202406;CCM;AIR CORSICA;;FRANCE;228149;115,2;229301
202406;CES;CHINA EASTERN AIRLINES;;CHINE;27947;1979,9;47746
202406;CFE;BA CITYFLYER;;ROYAUME-UNI;11839;0;11839
202406;CMA;CMA CGM AIR CARGO;;FRANCE;0;4138,2;41382
202406;CPA;CATHAY PACIFIC;;HONG KONG (CHINE);14971;2112,9;36100
202406;CRL;CORSAIR;;FRANCE;107035;2382,5;130860
202406;CSA;CSA CZECH AIRLINES;;TCHEQUIE;12243;9,2;12335
202406;CSN;CHINA SOUTHERN AIRLINES;;CHINE;12618;610;18718
202406;CTN;CROATIA AIRLINES;;CROATIE;16564;18,4;16748
202406;DAH;AIR ALGERIE;;ALGERIE;273379;711;280489
202406;DAL;DELTA AIR LINES;;ETATS-UNIS;235266;2984,9;265115
202406;DLH;LUFTHANSA;;ALLEMAGNE;312678;683,2;319510
202406;EFW;BA EUROFLYER;;ROYAUME-UNI;17635;0;17635
202406;EIN;AER LINGUS;;IRLANDE;90838;41,7;91255
202406;EJU;EASYJET EUROPE;;AUTRICHE;1468959;0;1468959
202406;ELY;EL AL;;ISRAEL;55550;690,3;62453
202406;ENT;ENTER AIR;;POLOGNE;33202;0;33202
202406;ETD;ETIHAD AIRWAYS;;EMIRATS ARABES UNIS;22294;918;31474
202406;ETH;ETHIOPIAN AIRLINES;;ETHIOPIE;20592;716,3;27755
202406;EVA;EVA AIR;;TAIWAN;18692;878,1;27473
202406;EWG;EUROWINGS;;ALLEMAGNE;64154;0;64154
202406;EXS;JET2.COM;;ROYAUME-UNI;20052;0;20052
202406;EZS;EASYJET SWITZERLAND;;SUISSE;441757;0;441757
202406;EZY;EASYJET UK;;ROYAUME-UNI;375176;0;375176
202406;FBU;FRENCH BEE;;FRANCE;97983;852,9;106512
202406;FDX;FEDEX EXPRESS;;ETATS-UNIS;0;46606,6;466066
202406;FIN;FINNAIR;;FINLANDE;35333;83,9;36172
202406;FPO;ASL AIRLINES FRANCE;;FRANCE;34646;1037,5;45021
202406;FPY;FLY PLAY;;ISLANDE;10676;19,3;10869
202406;FWI;AIR CARAIBES;;FRANCE (OM);99750;1156,1;111311
202406;GPX;GP AVIATION LTD.;;BULGARIE;16481;0;16481
202406;GSW;CHAIR AIRLINES;;SUISSE;14249;0;14249
202406;HLF;CHINA CENTRAL AIRLINES;;CHINE;0;1278,5;12785
202406;HVN;VIETNAM AIRLINES;;VIETNAM;16998;499,8;21996
202406;IBE;IBERIA;;ESPAGNE;127575;144,2;129017
202406;ICE;ICELANDAIR;;ISLANDE;29229;116,6;30395
202406;ITY;ITALIA TRASPORTO AEREO;;ITALIE;95665;33,6;96001
202406;JAF;TUIFLY BELGIUM;;BELGIQUE;26092;0;26092
202406;JAL;JAPAN AIRLINES;;JAPON;12751;843,9;21190
202406;JBU;JETBLUE AIRWAYS CORPORAT;;ETATS-UNIS;17255;0;17255
202406;KAC;KUWAIT AIRWAYS;;KOWEIT;8304;384,1;12145
202406;KAL;KOREAN AIR;;COREE DU SUD;19341;1288,3;32224
202406;KLC;KLM/CITYHOPPER;;PAYS-BAS;52988;0;52988
202406;KLM;KLM;;PAYS-BAS;119777;25;120027
202406;KMM;KM MALTA AIRLINES;;MALTE;29734;18,4;29918
202406;KQA;KENYA AIRWAYS;;KENYA;15420;482,5;20245
202406;LBT;NOUVELAIR;;TUNISIE;106886;34,4;107230
202406;LGL;LUXAIR;;LUXEMBOURG;27564;0;27564
202406;LOT;LOT POLISH AIRLINES;;POLOGNE;29025;28,7;29312
202406;MAC;AIR ARABIA MAROC;;MAROC;52329;5,9;52388
202406;MAU;AIR MAURITIUS;;MAURICE;34956;1152,3;46479
202406;MEA;MIDDLE EAST AIRLINES;;LIBAN;19605;213,7;21742
202406;MSR;EGYPT AIR;;EGYPTE;18796;524,3;24039
202406;NBT;NORSE ATLANTIC AIRWAYS;;NORVEGE;31931;338,5;35316
202406;NOZ;NORWEGIAN AIR SHUTTLE AOC AS;;NORVEGE;46674;4,6;46720
202406;NSZ;NORWEGIAN AIR SWEDEN AOC;;SUEDE;71721;0;71721
202406;OMA;OMAN AIR;;OMAN;5193;500,8;10201
202406;PGT;PEGASUS;;TURQUIE;82001;27,7;82278
202406;QTR;QATAR AIRWAYS;;QATAR;89497;7694,5;166442
202406;RAM;ROYAL AIR MAROC;;MAROC;130625;191,9;132544
202406;REU;AIR AUSTRAL;;FRANCE (OM);83853;1218,1;96034
202406;RJA;ROYAL JORDANIAN;;JORDANIE;11179;41,2;11591
202406;ROT;TAROM;;ROUMANIE;15550;11,4;15664
202406;RUK;RYANAIR UK;;ROYAUME-UNI;17499;2,4;17523
202406;RYR;RYANAIR;;IRLANDE;1621543;21,7;1621760
202406;SAS;SAS;;SUEDE;81104;52;81624
202406;SEH;SKY EXPRESS;;GRECE;20881;8,1;20962
202406;SIA;SINGAPORE AIRLINES;;SINGAPOUR;26103;1392,5;40028
202406;SRR;STAR AIR DANEMARK;;DANEMARK;0;4294,5;42945
202406;SVA;SAUDIA;;ARABIE SAOUDITE;28819;1085,4;39673
202406;SWR;SWISS;;SUISSE;61253;172,8;62981
202406;SWT;SWIFTAIR ESPAGNE;;ESPAGNE;121;2459,6;24717
202406;SXS;SUNEXPRESS;;TURQUIE;42395;0;42395
202406;SZN;AIR SENEGAL;;SENEGAL;14102;215,8;16260
202406;TAM;TAM/BRASIL;;BRESIL;16389;519,2;21581
202406;TAP;TAP AIR PORTUGAL;;PORTUGAL;121478;58,9;122067
202406;TAR;TUNISAIR;;TUNISIE;112942;199,9;114941
202406;THA;THAI AIRWAYS INTL;;THAILANDE;17326;854,9;25875
202406;THT;AIR TAHITI NUI;;FRANCE (OM);32189;596,5;38154
202406;THY;TURKISH AIRLINES;;TURQUIE;159485;3098,3;190468
202406;TKJ;AJET;;TURQUIE;27235;10,1;27336
202406;TPC;AIR CALEDONIE;;FRANCE (OM);21446;3,8;21484
202406;TRA;TRANSAVIA PAYS BAS;;PAYS-BAS;27690;0;27690
202406;TSC;AIR TRANSAT;;CANADA;88803;21,5;89018
202406;TVF;TRANSAVIA FRANCE;;FRANCE;1368256;1,9;1368275
202406;UAE;EMIRATES;;EMIRATS ARABES UNIS;112266;3979,7;152063
202406;UAL;UNITED AIRLINES;;ETATS-UNIS;98711;2214,4;120855
202406;UPS;UPS AIRLINES;;ETATS-UNIS;0;2172,5;21725
202406;VLG;VUELING AIRLINES;;ESPAGNE;612865;3,2;612897
202406;VOE;VOLOTEA;;ESPAGNE;733947;0,7;733954
202406;VTA;AIR TAHITI;;FRANCE (OM);74478;170,3;76181
202406;VTI;VISTARA;;INDE;21488;1110;32588
202406;WJA;WESTJET;;CANADA;18063;109,5;19158
202406;WMT;WIZZ AIR MALTA;;MALTE;157686;0;157686
202406;WZZ;WIZZ AIR;;HONGRIE;135323;0;135323
202406;ZZE; AUTRES CIE (E);;_ZZ_E;197864;5986,5;257729
202406;ZZF; AUTRES CIE (F);;_ZZ_F;58298;285,9;61157
202407;AAL;AMERICAN AIRLINES;;ETATS-UNIS;94815;2441,2;119227
202407;AAR;ASIANA AIRLINES;;COREE DU SUD;14348;354,1;17889
202407;ABR;ASL AIRLINES IRELAND;;IRLANDE;0;1125,9;11259
202407;ACA;AIR CANADA;;CANADA;94256;1502,4;109280
202407;ACI;AIRCALIN;;FRANCE (OM);17228;159,7;18825
202407;AEA;AIR EUROPA;;ESPAGNE;34447;3,1;34478
202407;AEE;AEGEAN AIRLINES;;GRECE;88531;82,1;89352
202407;AFR;AIR FRANCE;;FRANCE;4040880;40903,9;4449919
202407;AIC;AIR INDIA;;INDE;11551;429,5;15846
202407;AMX;AEROMEXICO;;MEXIQUE;21275;729;28565
202407;ANA;ANA ALL NIPPON AIRWAYS;;JAPON;9171;544,5;14616
202407;ANE;AIR NOSTRUM;;ESPAGNE;79461;0;79461
202407;APP;AEROLINEAS PACIFICO ATLANTICO, S.A. (APAIR);;PANAMA;13135;0;13135
202407;ASL;AIR SERBIA;;SERBIE;19519;23,9;19758
202407;AUA;AUSTRIAN AIRLINES;;AUTRICHE;90366;47,4;90840
202407;AVA;AVIANCA COLOMBIE;;COLOMBIE;8800;187,5;10675
202407;AZU;AZUL;;BRESIL;15587;282,8;18415
202407;BAW;BRITISH AIRWAYS;;ROYAUME-UNI;232664;116,1;233825
202407;BCS;EAT/EUROPEAN AIR TRANSP;;ALLEMAGNE;3;11826,8;118271
202407;BEL;BRUSSELS AIRLINES;;BELGIQUE;73805;6,5;73870
202407;BGA;AIRBUS TRANSPORT INTL;;FRANCE;0;1780,7;17807
202407;BTI;AIR BALTIC;;LETTONIE;31506;61,2;32118
202407;CCA;AIR CHINA INTL;;CHINE;30014;6715,9;97173
202407;CCM;AIR CORSICA;;FRANCE;243791;141,8;245209
202407;CES;CHINA EASTERN AIRLINES;;CHINE;29327;2230,6;51633
202407;CFE;BA CITYFLYER;;ROYAUME-UNI;14429;0;14429
202407;CMA;CMA CGM AIR CARGO;;FRANCE;0;4486,1;44861
202407;CPA;CATHAY PACIFIC;;HONG KONG (CHINE);17318;1825,1;35569
202407;CRL;CORSAIR;;FRANCE;152581;2517,8;177759
202407;CSA;CSA CZECH AIRLINES;;TCHEQUIE;11781;2,9;11810
202407;CSN;CHINA SOUTHERN AIRLINES;;CHINE;13992;600;19992
202407;CTN;CROATIA AIRLINES;;CROATIE;16546;19,2;16738
202407;DAH;AIR ALGERIE;;ALGERIE;302677;694,9;309626
202407;DAL;DELTA AIR LINES;;ETATS-UNIS;235856;2986,4;265720
202407;DLH;LUFTHANSA;;ALLEMAGNE;336275;695,6;343231
202407;DTH;TASSILI AIRLINES;;ALGERIE;18672;0,2;18674
202407;EFW;BA EUROFLYER;;ROYAUME-UNI;17671;0;17671
202407;EIN;AER LINGUS;;IRLANDE;96529;43,4;96963
202407;EJU;EASYJET EUROPE;;AUTRICHE;1444732;0;1444732
202407;ELY;EL AL;;ISRAEL;65846;919,7;75043
202407;ENT;ENTER AIR;;POLOGNE;44700;0;44700
202407;ETD;ETIHAD AIRWAYS;;EMIRATS ARABES UNIS;25413;865,4;34067
202407;ETH;ETHIOPIAN AIRLINES;;ETHIOPIE;22683;722,3;29906
202407;EVA;EVA AIR;;TAIWAN;18430;895,3;27383
202407;EWG;EUROWINGS;;ALLEMAGNE;68789;0;68789
202407;EXS;JET2.COM;;ROYAUME-UNI;20186;0;20186
202407;EZS;EASYJET SWITZERLAND;;SUISSE;473190;0;473190
202407;EZY;EASYJET UK;;ROYAUME-UNI;453911;0,1;453912
202407;FBU;FRENCH BEE;;FRANCE;111189;859,3;119782
202407;FDX;FEDEX EXPRESS;;ETATS-UNIS;0;46835,4;468354
202407;FIN;FINNAIR;;FINLANDE;37933;94,3;38876
202407;FPO;ASL AIRLINES FRANCE;;FRANCE;45374;1044,8;55822
202407;FPY;FLY PLAY;;ISLANDE;10455;4,6;10501
202407;FWI;AIR CARAIBES;;FRANCE (OM);156135;1162,6;167761
202407;GFA;GULF AIR;;BAHREIN;9419;73,6;10155
202407;GPX;GP AVIATION LTD.;;BULGARIE;19760;0;19760
202407;GSW;CHAIR AIRLINES;;SUISSE;16451;0;16451
202407;HLF;CHINA CENTRAL AIRLINES;;CHINE;8;1748,2;17490
202407;HVN;VIETNAM AIRLINES;;VIETNAM;22584;963,3;32217
202407;HYS;HISKY EUROPE;;MOLDAVIE;10322;0;10322
202407;IBE;IBERIA;;ESPAGNE;127979;110,7;129086
202407;ICE;ICELANDAIR;;ISLANDE;34543;37,1;34914
202407;ITY;ITALIA TRASPORTO AEREO;;ITALIE;96289;25,3;96542
202407;JAF;TUIFLY BELGIUM;;BELGIQUE;25759;0;25759
202407;JAL;JAPAN AIRLINES;;JAPON;11908;802,9;19937
202407;JBU;JETBLUE AIRWAYS CORPORAT;;ETATS-UNIS;21415;0;21415
202407;KAC;KUWAIT AIRWAYS;;KOWEIT;9478;408,8;13566
202407;KAL;KOREAN AIR;;COREE DU SUD;14801;1346,6;28267
202407;KLC;KLM/CITYHOPPER;;PAYS-BAS;43962;0;43962
202407;KLM;KLM;;PAYS-BAS;149720;24,6;149966
202407;KMM;KM MALTA AIRLINES;;MALTE;32028;18,6;32214
202407;KQA;KENYA AIRWAYS;;KENYA;18761;696,4;25725
202407;LBT;NOUVELAIR;;TUNISIE;132464;29,4;132758
202407;LGL;LUXAIR;;LUXEMBOURG;32383;0;32383
202407;LOT;LOT POLISH AIRLINES;;POLOGNE;27438;18,9;27627
202407;MAC;AIR ARABIA MAROC;;MAROC;74382;6,8;74450
202407;MAU;AIR MAURITIUS;;MAURICE;65247;1200,2;77249
202407;MEA;MIDDLE EAST AIRLINES;;LIBAN;28678;382,4;32502
202407;MSR;EGYPT AIR;;EGYPTE;21361;491,7;26278
202407;NBT;NORSE ATLANTIC AIRWAYS;;NORVEGE;29648;296,4;32612
202407;NOZ;NORWEGIAN AIR SHUTTLE AOC AS;;NORVEGE;69207;3,4;69241
202407;NSZ;NORWEGIAN AIR SWEDEN AOC;;SUEDE;88197;0,2;88199
202407;NTR;AIR MOANA;;FRANCE (OM);10518;0;10518
202407;PGT;PEGASUS;;TURQUIE;86137;35,2;86489
202407;QTR;QATAR AIRWAYS;;QATAR;92712;7409,2;166804
202407;RAM;ROYAL AIR MAROC;;MAROC;160722;188;162602
202407;REU;AIR AUSTRAL;;FRANCE (OM);123523;1408,4;137607
202407;RJA;ROYAL JORDANIAN;;JORDANIE;12252;34,2;12594
202407;ROT;TAROM;;ROUMANIE;16337;15,6;16493
202407;RUK;RYANAIR UK;;ROYAUME-UNI;18653;1,3;18666
202407;RYR;RYANAIR;;IRLANDE;1732842;26,4;1733106
202407;SAS;SAS;;SUEDE;126315;38;126695
202407;SEH;SKY EXPRESS;;GRECE;22568;8,7;22655
202407;SIA;SINGAPORE AIRLINES;;SINGAPOUR;26870;1542,2;42292
202407;SRR;STAR AIR DANEMARK;;DANEMARK;0;4983;49830
202407;SVA;SAUDIA;;ARABIE SAOUDITE;32445;1225,2;44697
202407;SWR;SWISS;;SUISSE;84473;170,8;86181
202407;SWT;SWIFTAIR ESPAGNE;;ESPAGNE;294;2714,6;27440
202407;SXS;SUNEXPRESS;;TURQUIE;53302;0;53302
202407;SZN;AIR SENEGAL;;SENEGAL;15781;347,1;19252
202407;TAM;TAM/BRASIL;;BRESIL;17296;464,2;21938
202407;TAP;TAP AIR PORTUGAL;;PORTUGAL;136769;50,2;137271
202407;TAR;TUNISAIR;;TUNISIE;127263;195,6;129219
202407;THA;THAI AIRWAYS INTL;;THAILANDE;19341;920,6;28547
202407;THT;AIR TAHITI NUI;;FRANCE (OM);36079;614,4;42223
202407;THY;TURKISH AIRLINES;;TURQUIE;169530;3405,9;203589
202407;TKJ;AJET;;TURQUIE;27995;24,9;28244
202407;TPC;AIR CALEDONIE;;FRANCE (OM);14417;66,7;15084
202407;TRA;TRANSAVIA PAYS BAS;;PAYS-BAS;22378;0;22378
202407;TSC;AIR TRANSAT;;CANADA;117204;30,4;117508
202407;TVF;TRANSAVIA FRANCE;;FRANCE;1484446;0;1484446
202407;UAE;EMIRATES;;EMIRATS ARABES UNIS;117879;4486,2;162741
202407;UAL;UNITED AIRLINES;;ETATS-UNIS;97066;2263,7;119703
202407;UPS;UPS AIRLINES;;ETATS-UNIS;0;2138;21380
202407;VLG;VUELING AIRLINES;;ESPAGNE;641743;2,2;641765
202407;VOE;VOLOTEA;;ESPAGNE;726496;0,5;726501
202407;VTA;AIR TAHITI;;FRANCE (OM);96658;181;98468
202407;VTI;VISTARA;;INDE;22083;1090,8;32991
202407;WJA;WESTJET;;CANADA;18087;224,8;20335
202407;WMT;WIZZ AIR MALTA;;MALTE;169777;0;169777
202407;WZZ;WIZZ AIR;;HONGRIE;142271;0;142271
202407;ZZE; AUTRES CIE (E);;_ZZ_E;231693;6160,2;293295
202407;ZZF; AUTRES CIE (F);;_ZZ_F;52052;318,5;55237
202408;AAL;AMERICAN AIRLINES;;ETATS-UNIS;91178;2086;112038
202408;AAR;ASIANA AIRLINES;;COREE DU SUD;15048;352,4;18572
202408;ACA;AIR CANADA;;CANADA;95255;1442,4;109679
202408;ACI;AIRCALIN;;FRANCE (OM);24802;305,3;27855
202408;AEA;AIR EUROPA;;ESPAGNE;35895;2,3;35918
202408;AEE;AEGEAN AIRLINES;;GRECE;93557;76,6;94323
202408;AFR;AIR FRANCE;;FRANCE;4070432;40465;4475082
202408;AIC;AIR INDIA;;INDE;12293;359,7;15890
202408;AMX;AEROMEXICO;;MEXIQUE;21325;712,9;28454
202408;ANA;ANA ALL NIPPON AIRWAYS;;JAPON;10770;542,5;16195
202408;ANE;AIR NOSTRUM;;ESPAGNE;86463;0;86463
202408;APP;AEROLINEAS PACIFICO ATLANTICO, S.A. (APAIR);;PANAMA;14166;0;14166
202408;ASL;AIR SERBIA;;SERBIE;19777;14,8;19925
202408;AUA;AUSTRIAN AIRLINES;;AUTRICHE;90642;52,3;91165
202408;AVA;AVIANCA COLOMBIE;;COLOMBIE;10823;212,3;12946
202408;AZU;AZUL;;BRESIL;14726;328,8;18014
202408;BAW;BRITISH AIRWAYS;;ROYAUME-UNI;240832;117,2;242004
202408;BCS;EAT/EUROPEAN AIR TRANSP;;ALLEMAGNE;0;9698,9;96989
202408;BEL;BRUSSELS AIRLINES;;BELGIQUE;74198;5,1;74249
202408;BGA;AIRBUS TRANSPORT INTL;;FRANCE;0;2211,4;22114
202408;BTI;AIR BALTIC;;LETTONIE;32163;64,4;32807
202408;CCA;AIR CHINA INTL;;CHINE;32887;6396,4;96851
202408;CCM;AIR CORSICA;;FRANCE;256859;139,6;258255
202408;CES;CHINA EASTERN AIRLINES;;CHINE;30897;1932;50217
202408;CFE;BA CITYFLYER;;ROYAUME-UNI;16730;0;16730
202408;CHH;HAINAN AIRLINES;;CHINE;7155;309,5;10250
202408;CMA;CMA CGM AIR CARGO;;FRANCE;0;4420;44200
202408;CPA;CATHAY PACIFIC;;HONG KONG (CHINE);16592;1917,9;35771
202408;CRL;CORSAIR;;FRANCE;165507;2468,5;190192
202408;CSA;CSA CZECH AIRLINES;;TCHEQUIE;16157;4,7;16204
202408;CSN;CHINA SOUTHERN AIRLINES;;CHINE;17674;628,1;23955
202408;CTN;CROATIA AIRLINES;;CROATIE;19064;16,3;19227
202408;CXA;XIAMEN AIRLINES;;CHINE;10704;224,9;12953
202408;DAH;AIR ALGERIE;;ALGERIE;333477;665,2;340129
202408;DAL;DELTA AIR LINES;;ETATS-UNIS;244049;3366;277709
202408;DLH;LUFTHANSA;;ALLEMAGNE;346615;706,1;353676
202408;DTH;TASSILI AIRLINES;;ALGERIE;20685;0;20685
202408;EFW;BA EUROFLYER;;ROYAUME-UNI;19288;0;19288
202408;EIN;AER LINGUS;;IRLANDE;107589;41,1;108000
202408;EJU;EASYJET EUROPE;;AUTRICHE;1482729;0;1482729
202408;ELY;EL AL;;ISRAEL;68321;877,4;77095
202408;ENT;ENTER AIR;;POLOGNE;55042;0;55042
202408;ETD;ETIHAD AIRWAYS;;EMIRATS ARABES UNIS;26388;881,9;35207
202408;ETH;ETHIOPIAN AIRLINES;;ETHIOPIE;22278;672,2;29000
202408;EVA;EVA AIR;;TAIWAN;18825;776,7;26592
202408;EWG;EUROWINGS;;ALLEMAGNE;73444;0;73444
202408;EXS;JET2.COM;;ROYAUME-UNI;22991;0,2;22993
202408;EZS;EASYJET SWITZERLAND;;SUISSE;487585;0;487585
202408;EZY;EASYJET UK;;ROYAUME-UNI;484782;0;484782
202408;FBU;FRENCH BEE;;FRANCE;117064;780;124864
202408;FDX;FEDEX EXPRESS;;ETATS-UNIS;0;45030,2;450302
202408;FIN;FINNAIR;;FINLANDE;32411;56;32971
202408;FPO;ASL AIRLINES FRANCE;;FRANCE;62608;960,6;72214
202408;FPY;FLY PLAY;;ISLANDE;12700;11,6;12816
202408;FWI;AIR CARAIBES;;FRANCE (OM);181052;1045,8;191510
202408;GFA;GULF AIR;;BAHREIN;9671;55,9;10230
202408;GPX;GP AVIATION LTD.;;BULGARIE;21313;0;21313
202408;GSW;CHAIR AIRLINES;;SUISSE;18466;0;18466
202408;HVN;VIETNAM AIRLINES;;VIETNAM;25545;1086,5;36410
202408;HYS;HISKY EUROPE;;MOLDAVIE;11656;0;11656
202408;IBE;IBERIA;;ESPAGNE;126611;102;127631
202408;ICE;ICELANDAIR;;ISLANDE;37034;82,2;37856
202408;ITY;ITALIA TRASPORTO AEREO;;ITALIE;76804;26,5;77069
202408;JAF;TUIFLY BELGIUM;;BELGIQUE;28177;0,1;28178
202408;JAL;JAPAN AIRLINES;;JAPON;13121;799;21111
202408;JBU;JETBLUE AIRWAYS CORPORAT;;ETATS-UNIS;21992;0;21992
202408;KAC;KUWAIT AIRWAYS;;KOWEIT;14374;319,4;17568
202408;KAL;KOREAN AIR;;COREE DU SUD;14725;1311,7;27842
202408;KES;AIR ANTILLES;;FRANCE (OM);10572;0;10572
202408;KLC;KLM/CITYHOPPER;;PAYS-BAS;46720;0;46720
202408;KLM;KLM;;PAYS-BAS;149586;25,1;149837
202408;KMM;KM MALTA AIRLINES;;MALTE;32285;19;32475
202408;KQA;KENYA AIRWAYS;;KENYA;18077;381,4;21891
202408;LBT;NOUVELAIR;;TUNISIE;147093;29,6;147389
202408;LGL;LUXAIR;;LUXEMBOURG;35458;0;35458
202408;LOT;LOT POLISH AIRLINES;;POLOGNE;31844;21,6;32060
202408;MAC;AIR ARABIA MAROC;;MAROC;87299;6,3;87362
202408;MAU;AIR MAURITIUS;;MAURICE;60659;929,7;69956
202408;MEA;MIDDLE EAST AIRLINES;;LIBAN;29609;375,2;33361
202408;MSR;EGYPT AIR;;EGYPTE;22418;536,1;27779
202408;NBT;NORSE ATLANTIC AIRWAYS;;NORVEGE;32291;385;36141
202408;NOZ;NORWEGIAN AIR SHUTTLE AOC AS;;NORVEGE;54584;1,9;54603
202408;NSZ;NORWEGIAN AIR SWEDEN AOC;;SUEDE;76297;0;76297
202408;NTR;AIR MOANA;;FRANCE (OM);10023;0;10023
202408;OMA;OMAN AIR;;OMAN;7728;462,9;12357
202408;PGT;PEGASUS;;TURQUIE;88465;53,8;89003
202408;QTR;QATAR AIRWAYS;;QATAR;102201;6467,3;166874
202408;RAM;ROYAL AIR MAROC;;MAROC;179085;177,4;180859
202408;REU;AIR AUSTRAL;;FRANCE (OM);123508;1233;135838
202408;RJA;ROYAL JORDANIAN;;JORDANIE;15634;28,4;15918
202408;ROT;TAROM;;ROUMANIE;15954;10,1;16055
202408;RUK;RYANAIR UK;;ROYAUME-UNI;20112;2,3;20135
202408;RYR;RYANAIR;;IRLANDE;1822329;20,3;1822532
202408;SAS;SAS;;SUEDE;74358;21,9;74577
202408;SEH;SKY EXPRESS;;GRECE;26578;11,3;26691
202408;SIA;SINGAPORE AIRLINES;;SINGAPOUR;27403;1459,1;41994
202408;SRR;STAR AIR DANEMARK;;DANEMARK;0;4038,8;40388
202408;SVA;SAUDIA;;ARABIE SAOUDITE;37120;1217;49290
202408;SWR;SWISS;;SUISSE;88242;134,9;89591
202408;SWT;SWIFTAIR ESPAGNE;;ESPAGNE;171;2197,1;22142
202408;SXS;SUNEXPRESS;;TURQUIE;57771;0;57771
202408;SZN;AIR SENEGAL;;SENEGAL;15923;215,8;18081
202408;TAM;TAM/BRASIL;;BRESIL;15625;486,5;20490
202408;TAP;TAP AIR PORTUGAL;;PORTUGAL;139962;255,5;142517
202408;TAR;TUNISAIR;;TUNISIE;155433;204,8;157481
202408;THA;THAI AIRWAYS INTL;;THAILANDE;19092;767,8;26770
202408;THT;AIR TAHITI NUI;;FRANCE (OM);33869;616,9;40038
202408;THY;TURKISH AIRLINES;;TURQUIE;172570;3466,8;207238
202408;TKJ;AJET;;TURQUIE;33994;14,6;34140
202408;TPC;AIR CALEDONIE;;FRANCE (OM);21651;102,9;22680
202408;TRA;TRANSAVIA PAYS BAS;;PAYS-BAS;23060;0;23060
202408;TSC;AIR TRANSAT;;CANADA;125163;18;125343
202408;TVF;TRANSAVIA FRANCE;;FRANCE;1558566;0,7;1558573
202408;UAE;EMIRATES;;EMIRATS ARABES UNIS;126669;3381,4;160483
202408;UAL;UNITED AIRLINES;;ETATS-UNIS;97023;2424,9;121272
202408;UPS;UPS AIRLINES;;ETATS-UNIS;0;1867,5;18675
202408;VLG;VUELING AIRLINES;;ESPAGNE;667246;4;667286
202408;VOE;VOLOTEA;;ESPAGNE;745979;0,3;745982
202408;VTA;AIR TAHITI;;FRANCE (OM);98006;164,2;99648
202408;VTI;VISTARA;;INDE;23566;1030,3;33869
202408;WJA;WESTJET;;CANADA;18646;93,9;19585
202408;WMT;WIZZ AIR MALTA;;MALTE;176654;0,1;176655
202408;WZZ;WIZZ AIR;;HONGRIE;158693;0;158693
202408;ZZE; AUTRES CIE (E);;_ZZ_E;221776;5387,2;275648
202408;ZZF; AUTRES CIE (F);;_ZZ_F;37774;442,6;42200
202409;AAL;AMERICAN AIRLINES;;ETATS-UNIS;60504;1552,4;76028
202409;AAR;ASIANA AIRLINES;;COREE DU SUD;14959;352;18479
202409;ACA;AIR CANADA;;CANADA;85878;1288,3;98761
202409;ACI;AIRCALIN;;FRANCE (OM);18196;243,2;20628
202409;AEA;AIR EUROPA;;ESPAGNE;35839;9,8;35937
202409;AEE;AEGEAN AIRLINES;;GRECE;81508;68,9;82197
202409;AFR;AIR FRANCE;;FRANCE;3689810;40780,4;4097614
202409;AIC;AIR INDIA;;INDE;11972;424;16212
202409;AMX;AEROMEXICO;;MEXIQUE;20288;716,6;27454
202409;ANA;ANA ALL NIPPON AIRWAYS;;JAPON;10686;645;17136
202409;ANE;AIR NOSTRUM;;ESPAGNE;72759;0,5;72764
202409;APP;AEROLINEAS PACIFICO ATLANTICO, S.A. (APAIR);;PANAMA;13086;0;13086
202409;ASL;AIR SERBIA;;SERBIE;18829;18,5;19014
202409;AUA;AUSTRIAN AIRLINES;;AUTRICHE;79375;59,2;79967
202409;AVA;AVIANCA COLOMBIE;;COLOMBIE;9432;266,4;12096
202409;AZU;AZUL;;BRESIL;15429;260,9;18038
202409;BAW;BRITISH AIRWAYS;;ROYAUME-UNI;197051;104,7;198098
202409;BCS;EAT/EUROPEAN AIR TRANSP;;ALLEMAGNE;7;10909,4;109101
202409;BEL;BRUSSELS AIRLINES;;BELGIQUE;65306;3,3;65339
202409;BGA;AIRBUS TRANSPORT INTL;;FRANCE;0;2960,5;29605
202409;BTI;AIR BALTIC;;LETTONIE;29653;63,6;30289
202409;CCA;AIR CHINA INTL;;CHINE;30823;6314,5;93968
202409;CCM;AIR CORSICA;;FRANCE;227083;128,4;228367
202409;CES;CHINA EASTERN AIRLINES;;CHINE;29292;1881,8;48110
202409;CFE;BA CITYFLYER;;ROYAUME-UNI;10291;0;10291
202409;CMA;CMA CGM AIR CARGO;;FRANCE;0;4574,9;45749
202409;CPA;CATHAY PACIFIC;;HONG KONG (CHINE);16479;1706;33539
202409;CRL;CORSAIR;;FRANCE;104131;2136,4;125495
202409;CSA;CSA CZECH AIRLINES;;TCHEQUIE;11542;2,6;11568
202409;CSN;CHINA SOUTHERN AIRLINES;;CHINE;16098;585,7;21955
202409;CTN;CROATIA AIRLINES;;CROATIE;17834;18;18014
202409;DAH;AIR ALGERIE;;ALGERIE;275500;811,8;283618
202409;DAL;DELTA AIR LINES;;ETATS-UNIS;213162;3437,5;247537
202409;DLH;LUFTHANSA;;ALLEMAGNE;316646;663;323276
202409;DTH;TASSILI AIRLINES;;ALGERIE;13468;0;13468
202409;EFW;BA EUROFLYER;;ROYAUME-UNI;17050;0;17050
202409;EIN;AER LINGUS;;IRLANDE;82579;43,3;83012
202409;EJU;EASYJET EUROPE;;AUTRICHE;1502221;0;1502221
202409;ELY;EL AL;;ISRAEL;61909;738,9;69298
202409;ENT;ENTER AIR;;POLOGNE;45337;0;45337
202409;ETD;ETIHAD AIRWAYS;;EMIRATS ARABES UNIS;22474;915,7;31631
202409;ETH;ETHIOPIAN AIRLINES;;ETHIOPIE;21600;702,9;28629
202409;EVA;EVA AIR;;TAIWAN;18590;769,3;26283
202409;EWG;EUROWINGS;;ALLEMAGNE;67282;0;67282
202409;EXS;JET2.COM;;ROYAUME-UNI;17811;0;17811
202409;EZS;EASYJET SWITZERLAND;;SUISSE;440326;0;440326
202409;EZY;EASYJET UK;;ROYAUME-UNI;348810;0;348810
202409;FBU;FRENCH BEE;;FRANCE;88299;972,1;98020
202409;FDX;FEDEX EXPRESS;;ETATS-UNIS;0;45008;450080
202409;FIN;FINNAIR;;FINLANDE;28131;72;28851
202409;FPO;ASL AIRLINES FRANCE;;FRANCE;44632;996,3;54595
202409;FPY;FLY PLAY;;ISLANDE;10177;33,7;10514
202409;FWI;AIR CARAIBES;;FRANCE (OM);84512;980,8;94320
202409;GPX;GP AVIATION LTD.;;BULGARIE;15552;0;15552
202409;GSW;CHAIR AIRLINES;;SUISSE;14273;0;14273
202409;HLF;CHINA CENTRAL AIRLINES;;CHINE;4;1302,9;13033
202409;HVN;VIETNAM AIRLINES;;VIETNAM;23845;1124,5;35090
202409;IBE;IBERIA;;ESPAGNE;124025;124;125265
202409;ICE;ICELANDAIR;;ISLANDE;23794;78,3;24577
202409;ITY;ITALIA TRASPORTO AEREO;;ITALIE;95593;26,5;95858
202409;JAF;TUIFLY BELGIUM;;BELGIQUE;27319;0,1;27320
202409;JAL;JAPAN AIRLINES;;JAPON;12665;832,3;20988
202409;JBU;JETBLUE AIRWAYS CORPORAT;;ETATS-UNIS;21336;1,9;21355
202409;KAC;KUWAIT AIRWAYS;;KOWEIT;9138;410,9;13247
202409;KAL;KOREAN AIR;;COREE DU SUD;15314;1094,5;26259
202409;KLC;KLM/CITYHOPPER;;PAYS-BAS;48320;0;48320
202409;KLM;KLM;;PAYS-BAS;119689;31,3;120002
202409;KMM;KM MALTA AIRLINES;;MALTE;31445;18,3;31628
202409;KQA;KENYA AIRWAYS;;KENYA;14182;465,3;18835
202409;LBT;NOUVELAIR;;TUNISIE;112967;37,8;113345
202409;LGL;LUXAIR;;LUXEMBOURG;28911;0;28911
202409;LOT;LOT POLISH AIRLINES;;POLOGNE;29387;21,6;29603
202409;MAC;AIR ARABIA MAROC;;MAROC;64452;21,2;64664
202409;MAU;AIR MAURITIUS;;MAURICE;39062;857,3;47635
202409;MEA;MIDDLE EAST AIRLINES;;LIBAN;22867;417,1;27038
202409;MSR;EGYPT AIR;;EGYPTE;18842;563,6;24478
202409;NBT;NORSE ATLANTIC AIRWAYS;;NORVEGE;27912;277,3;30685
202409;NOZ;NORWEGIAN AIR SHUTTLE AOC AS;;NORVEGE;42298;2;42318
202409;NSZ;NORWEGIAN AIR SWEDEN AOC;;SUEDE;69465;0;69465
202409;OMA;OMAN AIR;;OMAN;5556;468,2;10238
202409;PGT;PEGASUS;;TURQUIE;86081;72,8;86809
202409;QTR;QATAR AIRWAYS;;QATAR;86014;7223,8;158252
202409;RAM;ROYAL AIR MAROC;;MAROC;144583;279,5;147378
202409;REU;AIR AUSTRAL;;FRANCE (OM);92655;1255,6;105211
202409;ROT;TAROM;;ROUMANIE;16249;15,9;16408
202409;RUK;RYANAIR UK;;ROYAUME-UNI;16224;1,5;16239
202409;RYR;RYANAIR;;IRLANDE;1535242;20,5;1535447
202409;SAS;SAS;;SUEDE;74974;38,7;75361
202409;SEH;SKY EXPRESS;;GRECE;23775;14,5;23920
202409;SIA;SINGAPORE AIRLINES;;SINGAPOUR;26537;1491,5;41452
202409;SRR;STAR AIR DANEMARK;;DANEMARK;0;4633,4;46334
202409;SVA;SAUDIA;;ARABIE SAOUDITE;32912;1271,5;45627
202409;SWR;SWISS;;SUISSE;69355;147;70825
202409;SWT;SWIFTAIR ESPAGNE;;ESPAGNE;1;2363,3;23634
202409;SXS;SUNEXPRESS;;TURQUIE;50252;0;50252
202409;SZN;AIR SENEGAL;;SENEGAL;13453;205;15503
202409;TAM;TAM/BRASIL;;BRESIL;15892;493,9;20831
202409;TAP;TAP AIR PORTUGAL;;PORTUGAL;135578;67,8;136256
202409;TAR;TUNISAIR;;TUNISIE;118297;295,2;121249
202409;THA;THAI AIRWAYS INTL;;THAILANDE;19011;827,7;27288
202409;THT;AIR TAHITI NUI;;FRANCE (OM);30909;605,8;36967
202409;THY;TURKISH AIRLINES;;TURQUIE;161159;3019,2;191351
202409;TKJ;AJET;;TURQUIE;34028;15,4;34182
202409;TPC;AIR CALEDONIE;;FRANCE (OM);14743;92,7;15670
202409;TRA;TRANSAVIA PAYS BAS;;PAYS-BAS;25956;0;25956
202409;TSC;AIR TRANSAT;;CANADA;105388;8,8;105476
202409;TVF;TRANSAVIA FRANCE;;FRANCE;1344410;0;1344410
202409;UAE;EMIRATES;;EMIRATS ARABES UNIS;114958;3514,6;150104
202409;UAL;UNITED AIRLINES;;ETATS-UNIS;90803;2700,6;117809
202409;UPS;UPS AIRLINES;;ETATS-UNIS;0;2117,3;21173
202409;VLG;VUELING AIRLINES;;ESPAGNE;596320;4,8;596368
202409;VOE;VOLOTEA;;ESPAGNE;748009;2,4;748033
202409;VTA;AIR TAHITI;;FRANCE (OM);88162;171,1;89873
202409;VTI;VISTARA;;INDE;18109;985,5;27964
202409;WJA;WESTJET;;CANADA;18501;229,7;20798
202409;WMT;WIZZ AIR MALTA;;MALTE;155785;0;155785
202409;WZZ;WIZZ AIR;;HONGRIE;153040;0;153040
202409;ZZE; AUTRES CIE (E);;_ZZ_E;223034;5319,5;276229
202409;ZZF; AUTRES CIE (F);;_ZZ_F;50381;517,2;55553
202410;AAL;AMERICAN AIRLINES;;ETATS-UNIS;47653;1593,2;63585
202410;AAR;ASIANA AIRLINES;;COREE DU SUD;14947;459,2;19539
202410;ACA;AIR CANADA;;CANADA;79710;2076,4;100474
202410;ACI;AIRCALIN;;FRANCE (OM);23732;300,1;26733
202410;AEA;AIR EUROPA;;ESPAGNE;35141;21,2;35353
202410;AEE;AEGEAN AIRLINES;;GRECE;59234;84,6;60080
202410;AFR;AIR FRANCE;;FRANCE;3641503;45785;4099353
202410;AIC;AIR INDIA;;INDE;11663;496,1;16624
202410;AMX;AEROMEXICO;;MEXIQUE;18373;744,9;25822
202410;ANA;ANA ALL NIPPON AIRWAYS;;JAPON;11213;794,5;19158
202410;ANE;AIR NOSTRUM;;ESPAGNE;62832;0;62832
202410;ASL;AIR SERBIA;;SERBIE;22449;25,9;22708
202410;AUA;AUSTRIAN AIRLINES;;AUTRICHE;77074;66,3;77737
202410;AVA;AVIANCA COLOMBIE;;COLOMBIE;11940;317,9;15119
202410;AZU;AZUL;;BRESIL;15993;134,2;17335
202410;BAW;BRITISH AIRWAYS;;ROYAUME-UNI;197855;132;199175
202410;BCS;EAT/EUROPEAN AIR TRANSP;;ALLEMAGNE;0;11947,4;119474
202410;BEL;BRUSSELS AIRLINES;;BELGIQUE;68349;2,6;68375
202410;BGA;AIRBUS TRANSPORT INTL;;FRANCE;0;3146,1;31461
202410;BTI;AIR BALTIC;;LETTONIE;28928;75,8;29686
202410;CCA;AIR CHINA INTL;;CHINE;30135;6987,2;100007
202410;CCM;AIR CORSICA;;FRANCE;187780;135,3;189133
202410;CES;CHINA EASTERN AIRLINES;;CHINE;29979;2144,4;51423
202410;CHH;HAINAN AIRLINES;;CHINE;6999;306,8;10067
202410;CMA;CMA CGM AIR CARGO;;FRANCE;0;5807,5;58075
202410;CPA;CATHAY PACIFIC;;HONG KONG (CHINE);17035;2014,9;37184
202410;CRL;CORSAIR;;FRANCE;114187;2063,4;134821
202410;CSA;CSA CZECH AIRLINES;;TCHEQUIE;10664;19;10854
202410;CSN;CHINA SOUTHERN AIRLINES;;CHINE;14260;624,3;20503
202410;CTN;CROATIA AIRLINES;;CROATIE;14322;23,7;14559
202410;DAH;AIR ALGERIE;;ALGERIE;261085;1371,9;274804
202410;DAL;DELTA AIR LINES;;ETATS-UNIS;190527;4106,2;231589
202410;DLH;LUFTHANSA;;ALLEMAGNE;317015;681,3;323828
202410;EFW;BA EUROFLYER;;ROYAUME-UNI;12712;0;12712
202410;EIN;AER LINGUS;;IRLANDE;71189;50,4;71693
202410;EJU;EASYJET EUROPE;;AUTRICHE;1516294;0;1516294
202410;ELY;EL AL;;ISRAEL;52811;841,3;61224
202410;ENT;ENTER AIR;;POLOGNE;30217;0;30217
202410;ETD;ETIHAD AIRWAYS;;EMIRATS ARABES UNIS;21864;926,4;31128
202410;ETH;ETHIOPIAN AIRLINES;;ETHIOPIE;23198;746,6;30664
202410;EVA;EVA AIR;;TAIWAN;20185;775,2;27937
202410;EWG;EUROWINGS;;ALLEMAGNE;50697;0;50697
202410;EXS;JET2.COM;;ROYAUME-UNI;12251;0;12251
202410;EZS;EASYJET SWITZERLAND;;SUISSE;452683;0;452683
202410;EZY;EASYJET UK;;ROYAUME-UNI;330587;0;330587
202410;FBU;FRENCH BEE;;FRANCE;86092;1229;98382
202410;FDX;FEDEX EXPRESS;;ETATS-UNIS;0;52068,9;520689
202410;FIN;FINNAIR;;FINLANDE;31332;94,6;32278
202410;FPO;ASL AIRLINES FRANCE;;FRANCE;39449;1097,8;50427
202410;FPY;FLY PLAY;;ISLANDE;9880;31,4;10194
202410;FWI;AIR CARAIBES;;FRANCE (OM);104773;1115,5;115928
202410;GPX;GP AVIATION LTD.;;BULGARIE;17915;0;17915
202410;GSW;CHAIR AIRLINES;;SUISSE;17323;0;17323
202410;HLF;CHINA CENTRAL AIRLINES;;CHINE;0;2937,6;29376
202410;HVN;VIETNAM AIRLINES;;VIETNAM;25938;1353,5;39473
202410;IBE;IBERIA;;ESPAGNE;124920;120;126120
202410;ICE;ICELANDAIR;;ISLANDE;19080;29,6;19376
202410;ITY;ITALIA TRASPORTO AEREO;;ITALIE;88097;38,5;88482
202410;JAF;TUIFLY BELGIUM;;BELGIQUE;30763;0,1;30764
202410;JAL;JAPAN AIRLINES;;JAPON;13355;875,8;22113
202410;JBU;JETBLUE AIRWAYS CORPORAT;;ETATS-UNIS;20653;1,4;20667
202410;KAC;KUWAIT AIRWAYS;;KOWEIT;10358;441,6;14774
202410;KAL;KOREAN AIR;;COREE DU SUD;14999;1261,4;27613
202410;KLC;KLM/CITYHOPPER;;PAYS-BAS;50542;0;50542
202410;KLM;KLM;;PAYS-BAS;129073;31,8;129391
202410;KMM;KM MALTA AIRLINES;;MALTE;26326;21;26536
202410;KQA;KENYA AIRWAYS;;KENYA;14678;589,3;20571
202410;LBT;NOUVELAIR;;TUNISIE;122096;33,1;122427
202410;LGL;LUXAIR;;LUXEMBOURG;19244;0;19244
202410;LOT;LOT POLISH AIRLINES;;POLOGNE;31330;29,2;31622
202410;MAC;AIR ARABIA MAROC;;MAROC;60305;7,6;60381
202410;MAU;AIR MAURITIUS;;MAURICE;60807;951,7;70324
202410;MEA;MIDDLE EAST AIRLINES;;LIBAN;16263;597,9;22242
202410;MNB;MNG AIRLINES;;TURQUIE;0;1487,3;14873
202410;MSR;EGYPT AIR;;EGYPTE;21199;753,6;28735
202410;NBT;NORSE ATLANTIC AIRWAYS;;NORVEGE;17931;285,8;20789
202410;NOZ;NORWEGIAN AIR SHUTTLE AOC AS;;NORVEGE;37313;4,5;37358
202410;NSZ;NORWEGIAN AIR SWEDEN AOC;;SUEDE;55498;0;55498
202410;OMA;OMAN AIR;;OMAN;6735;495,9;11694
202410;PGT;PEGASUS;;TURQUIE;93727;52,7;94254
202410;QTR;QATAR AIRWAYS;;QATAR;81761;7354,9;155310
202410;RAM;ROYAL AIR MAROC;;MAROC;149213;285,4;152067
202410;REU;AIR AUSTRAL;;FRANCE (OM);110217;1276,4;122981
202410;RJA;ROYAL JORDANIAN;;JORDANIE;14561;132;15881
202410;ROT;TAROM;;ROUMANIE;15118;16;15278
202410;RUK;RYANAIR UK;;ROYAUME-UNI;15092;0,6;15098
202410;RYR;RYANAIR;;IRLANDE;1486058;19,5;1486253
202410;SAS;SAS;;SUEDE;80730;46,7;81197
202410;SEH;SKY EXPRESS;;GRECE;31604;16,7;31771
202410;SIA;SINGAPORE AIRLINES;;SINGAPOUR;26705;1626,6;42971
202410;SRR;STAR AIR DANEMARK;;DANEMARK;0;5224,3;52243
202410;SVA;SAUDIA;;ARABIE SAOUDITE;35573;1189,8;47471
202410;SWR;SWISS;;SUISSE;67350;182,1;69171
202410;SWT;SWIFTAIR ESPAGNE;;ESPAGNE;116;2488;24996
202410;SXS;SUNEXPRESS;;TURQUIE;51252;0;51252
202410;SZN;AIR SENEGAL;;SENEGAL;12719;226,7;14986
202410;TAM;TAM/BRASIL;;BRESIL;18085;552,8;23613
202410;TAP;TAP AIR PORTUGAL;;PORTUGAL;134086;52,7;134613
202410;TAR;TUNISAIR;;TUNISIE;121492;319,2;124684
202410;THA;THAI AIRWAYS INTL;;THAILANDE;17194;939,9;26593
202410;THT;AIR TAHITI NUI;;FRANCE (OM);31680;617,6;37856
202410;THY;TURKISH AIRLINES;;TURQUIE;166425;3454,3;200968
202410;TKJ;AJET;;TURQUIE;33556;19,7;33753
202410;TPC;AIR CALEDONIE;;FRANCE (OM);24760;111,6;25876
202410;TRA;TRANSAVIA PAYS BAS;;PAYS-BAS;15113;0;15113
202410;TSC;AIR TRANSAT;;CANADA;76000;21,8;76218
202410;TVF;TRANSAVIA FRANCE;;FRANCE;1233224;1,2;1233236
202410;TWB;T'WAY AIR CO., LTD;;COREE DU SUD;8545;301,1;11556
202410;UAE;EMIRATES;;EMIRATS ARABES UNIS;124966;4207,6;167042
202410;UAL;UNITED AIRLINES;;ETATS-UNIS;91191;2994;121131
202410;UPS;UPS AIRLINES;;ETATS-UNIS;0;2674,6;26746
202410;VLG;VUELING AIRLINES;;ESPAGNE;598027;6,3;598090
202410;VOE;VOLOTEA;;ESPAGNE;735229;6,8;735297
202410;VTA;AIR TAHITI;;FRANCE (OM);92058;194,9;94007
202410;VTI;VISTARA;;INDE;20821;1057;31391
202410;WJA;WESTJET;;CANADA;15494;216,6;17660
202410;WMT;WIZZ AIR MALTA;;MALTE;155126;0,1;155127
202410;WZZ;WIZZ AIR;;HONGRIE;159246;0;159246
202410;ZZE; AUTRES CIE (E);;_ZZ_E;204472;5288,4;257356
202410;ZZF; AUTRES CIE (F);;_ZZ_F;52380;740,5;59785
202411;AAL;AMERICAN AIRLINES;;ETATS-UNIS;40683;1356,3;54246
202411;AAR;ASIANA AIRLINES;;COREE DU SUD;13835;541,7;19252
202411;ACA;AIR CANADA;;CANADA;50191;1693,8;67129
202411;ACI;AIRCALIN;;FRANCE (OM);20906;237,1;23277
202411;AEA;AIR EUROPA;;ESPAGNE;29429;14,1;29570
202411;AEE;AEGEAN AIRLINES;;GRECE;32213;86,5;33078
202411;AFR;AIR FRANCE;;FRANCE;3223361;47102,6;3694387
202411;AIC;AIR INDIA;;INDE;20314;846,5;28779
202411;AMX;AEROMEXICO;;MEXIQUE;14623;593,2;20555
202411;ANA;ANA ALL NIPPON AIRWAYS;;JAPON;10458;693,6;17394
202411;ANE;AIR NOSTRUM;;ESPAGNE;55673;0,3;55676
202411;ASL;AIR SERBIA;;SERBIE;19221;21,1;19432
202411;AUA;AUSTRIAN AIRLINES;;AUTRICHE;55933;43,7;56370
202411;AVA;AVIANCA COLOMBIE;;COLOMBIE;12771;366,1;16432
202411;AZU;AZUL;;BRESIL;13385;261;15995
202411;BAW;BRITISH AIRWAYS;;ROYAUME-UNI;164919;134,6;166265
202411;BCS;EAT/EUROPEAN AIR TRANSP;;ALLEMAGNE;142;12463,4;124776
202411;BEL;BRUSSELS AIRLINES;;BELGIQUE;62052;5,3;62105
202411;BGA;AIRBUS TRANSPORT INTL;;FRANCE;0;2790,5;27905
202411;BTI;AIR BALTIC;;LETTONIE;20045;77,3;20818
202411;CCA;AIR CHINA INTL;;CHINE;26959;4810,9;75068
202411;CCM;AIR CORSICA;;FRANCE;151823;118,9;153012
202411;CES;CHINA EASTERN AIRLINES;;CHINE;29613;2153,9;51152
202411;CHH;HAINAN AIRLINES;;CHINE;9895;483,4;14729
202411;CMA;CMA CGM AIR CARGO;;FRANCE;0;6142,5;61425
202411;CPA;CATHAY PACIFIC;;HONG KONG (CHINE);15576;1724,9;32825
202411;CRL;CORSAIR;;FRANCE;108249;2363,5;131884
202411;CSN;CHINA SOUTHERN AIRLINES;;CHINE;16010;769,7;23707
202411;DAH;AIR ALGERIE;;ALGERIE;221504;1263,3;234137
202411;DAL;DELTA AIR LINES;;ETATS-UNIS;145015;3896,4;183979
202411;DLA;AIR DOLOMITI;;ITALIE;13935;0;13935
202411;DLH;LUFTHANSA;;ALLEMAGNE;240365;584,1;246206
202411;EIN;AER LINGUS;;IRLANDE;54288;61,2;54900
202411;EJU;EASYJET EUROPE;;AUTRICHE;1063636;0;1063636
202411;ELY;EL AL;;ISRAEL;40487;750;47987
202411;ETD;ETIHAD AIRWAYS;;EMIRATS ARABES UNIS;26118;516,4;31282
202411;ETH;ETHIOPIAN AIRLINES;;ETHIOPIE;21975;670,7;28682
202411;EVA;EVA AIR;;TAIWAN;17658;766,3;25321
202411;EWG;EUROWINGS;;ALLEMAGNE;14132;0;14132
202411;EZS;EASYJET SWITZERLAND;;SUISSE;283849;0;283849
202411;EZY;EASYJET UK;;ROYAUME-UNI;277131;0;277131
202411;FBU;FRENCH BEE;;FRANCE;67979;1200,6;79985
202411;FDX;FEDEX EXPRESS;;ETATS-UNIS;0;48442,2;484422
202411;FIN;FINNAIR;;FINLANDE;20518;73,6;21254
202411;FPO;ASL AIRLINES FRANCE;;FRANCE;28830;1091,4;39744
202411;FWI;AIR CARAIBES;;FRANCE (OM);109727;1159,9;121326
202411;GPX;GP AVIATION LTD.;;BULGARIE;14605;0;14605
202411;GSW;CHAIR AIRLINES;;SUISSE;12178;0;12178
202411;HLF;CHINA CENTRAL AIRLINES;;CHINE;0;1850,6;18506
202411;HVN;VIETNAM AIRLINES;;VIETNAM;25336;1303,5;38371
202411;IBE;IBERIA;;ESPAGNE;120005;126,7;121272
202411;ICE;ICELANDAIR;;ISLANDE;10379;96,2;11341
202411;ITY;ITALIA TRASPORTO AEREO;;ITALIE;80524;31,8;80842
202411;JAF;TUIFLY BELGIUM;;BELGIQUE;25351;0,1;25352
202411;JAL;JAPAN AIRLINES;;JAPON;12498;939,8;21896
202411;JBU;JETBLUE AIRWAYS CORPORAT;;ETATS-UNIS;14605;0;14605
202411;KAL;KOREAN AIR;;COREE DU SUD;12457;1520,2;27659
202411;KLC;KLM/CITYHOPPER;;PAYS-BAS;39677;0,2;39679
202411;KLM;KLM;;PAYS-BAS;117277;23,8;117515
202411;KMM;KM MALTA AIRLINES;;MALTE;16764;26;17024
202411;KQA;KENYA AIRWAYS;;KENYA;12121;653;18651
202411;LBT;NOUVELAIR;;TUNISIE;71653;33;71983
202411;LGL;LUXAIR;;LUXEMBOURG;12031;0;12031
202411;LOT;LOT POLISH AIRLINES;;POLOGNE;27016;24,8;27264
202411;MAC;AIR ARABIA MAROC;;MAROC;55236;7;55306
202411;MAU;AIR MAURITIUS;;MAURICE;40963;987,1;50834
202411;MEA;MIDDLE EAST AIRLINES;;LIBAN;13154;500,7;18161
202411;MSR;EGYPT AIR;;EGYPTE;16973;673,4;23707
202411;NOZ;NORWEGIAN AIR SHUTTLE AOC AS;;NORVEGE;11931;1,7;11948
202411;NSZ;NORWEGIAN AIR SWEDEN AOC;;SUEDE;16755;0;16755
202411;OMA;OMAN AIR;;OMAN;7425;492,3;12348
202411;PGT;PEGASUS;;TURQUIE;79731;46,3;80194
202411;QTR;QATAR AIRWAYS;;QATAR;78676;7080,3;149479
202411;RAM;ROYAL AIR MAROC;;MAROC;119237;361,7;122854
202411;REU;AIR AUSTRAL;;FRANCE (OM);91709;1258,4;104293
202411;RJA;ROYAL JORDANIAN;;JORDANIE;11903;92,2;12825
202411;ROT;TAROM;;ROUMANIE;13653;18,3;13836
202411;RYR;RYANAIR;;IRLANDE;881531;14,5;881676
202411;SAS;SAS;;SUEDE;52302;49;52792
202411;SEH;SKY EXPRESS;;GRECE;13273;13;13403
202411;SIA;SINGAPORE AIRLINES;;SINGAPOUR;23529;1574,7;39276
202411;SRR;STAR AIR DANEMARK;;DANEMARK;0;4734,7;47347
202411;SVA;SAUDIA;;ARABIE SAOUDITE;35873;1279;48663
202411;SWR;SWISS;;SUISSE;53073;192,5;54998
202411;SWT;SWIFTAIR ESPAGNE;;ESPAGNE;0;1894,1;18941
202411;SXS;SUNEXPRESS;;TURQUIE;20666;0,2;20668
202411;SZN;AIR SENEGAL;;SENEGAL;11817;357,5;15392
202411;TAM;TAM/BRASIL;;BRESIL;15154;460,7;19761
202411;TAP;TAP AIR PORTUGAL;;PORTUGAL;108224;64,4;108868
202411;TAR;TUNISAIR;;TUNISIE;84921;257;87491
202411;THA;THAI AIRWAYS INTL;;THAILANDE;18872;896,7;27839
202411;THT;AIR TAHITI NUI;;FRANCE (OM);31359;645,8;37817
202411;THY;TURKISH AIRLINES;;TURQUIE;142790;3292;175710
202411;TKJ;AJET;;TURQUIE;29625;17,1;29796
202411;TPC;AIR CALEDONIE;;FRANCE (OM);21552;102,6;22578
202411;TSC;AIR TRANSAT;;CANADA;31335;6,3;31398
202411;TVF;TRANSAVIA FRANCE;;FRANCE;822762;1,1;822773
202411;TVS;TRAVEL SERVICE / SMARTWINGS;;TCHEQUIE;9991;12,7;10118
202411;TWB;T'WAY AIR CO., LTD;;COREE DU SUD;8201;424;12441
202411;UAE;EMIRATES;;EMIRATS ARABES UNIS;115794;4088,3;156677
202411;UAL;UNITED AIRLINES;;ETATS-UNIS;63870;2500,4;88874
202411;UPS;UPS AIRLINES;;ETATS-UNIS;0;2407,5;24075
202411;VLG;VUELING AIRLINES;;ESPAGNE;409066;1,2;409078
202411;VOE;VOLOTEA;;ESPAGNE;395075;0,2;395077
202411;VTA;AIR TAHITI;;FRANCE (OM);84039;194,7;85986
202411;WJA;WESTJET;;CANADA;16580;381,9;20399
202411;WMT;WIZZ AIR MALTA;;MALTE;126470;0;126470
202411;WZZ;WIZZ AIR;;HONGRIE;133618;0;133618
202411;ZZE; AUTRES CIE (E);;_ZZ_E;234292;6209,6;296388
202411;ZZF; AUTRES CIE (F);;_ZZ_F;51344;802,7;59371
202412;AAL;AMERICAN AIRLINES;;ETATS-UNIS;47474;1399,8;61472
202412;AAR;ASIANA AIRLINES;;COREE DU SUD;13679;546,8;19147
202412;ACA;AIR CANADA;;CANADA;63641;1506,1;78702
202412;ACI;AIRCALIN;;FRANCE (OM);27184;283,2;30016
202412;AEA;AIR EUROPA;;ESPAGNE;29408;11,8;29526
202412;AEE;AEGEAN AIRLINES;;GRECE;28820;85;29670
202412;AFR;AIR FRANCE;;FRANCE;3525042;49146;4016502
202412;AIC;AIR INDIA;;INDE;25065;1077,8;35843
202412;AMX;AEROMEXICO;;MEXIQUE;18236;716;25396
202412;ANA;ANA ALL NIPPON AIRWAYS;;JAPON;10351;556,5;15916
202412;ANE;AIR NOSTRUM;;ESPAGNE;59854;0,1;59855
202412;ASL;AIR SERBIA;;SERBIE;19356;20,8;19564
202412;AUA;AUSTRIAN AIRLINES;;AUTRICHE;56663;51,7;57180
202412;AVA;AVIANCA COLOMBIE;;COLOMBIE;14015;400,9;18024
202412;AZU;AZUL;;BRESIL;14817;256,8;17385
202412;BAW;BRITISH AIRWAYS;;ROYAUME-UNI;184550;124;185790
202412;BCS;EAT/EUROPEAN AIR TRANSP;;ALLEMAGNE;0;11471,8;114718
202412;BEL;BRUSSELS AIRLINES;;BELGIQUE;63823;6,3;63886
202412;BGA;AIRBUS TRANSPORT INTL;;FRANCE;0;2201,1;22011
202412;BTI;AIR BALTIC;;LETTONIE;22586;114;23726
202412;CCA;AIR CHINA INTL;;CHINE;26036;3820,5;64241
202412;CCM;AIR CORSICA;;FRANCE;161571;120,2;162773
202412;CES;CHINA EASTERN AIRLINES;;CHINE;29380;2278;52160
202412;CHH;HAINAN AIRLINES;;CHINE;9826;455,7;14383
202412;CMA;CMA CGM AIR CARGO;;FRANCE;0;6718,6;67186
202412;CPA;CATHAY PACIFIC;;HONG KONG (CHINE);14705;1939,3;34098
202412;CRL;CORSAIR;;FRANCE;133936;2700,1;160937
202412;CSN;CHINA SOUTHERN AIRLINES;;CHINE;12700;643,1;19131
202412;DAH;AIR ALGERIE;;ALGERIE;255858;1209;267948
202412;DAL;DELTA AIR LINES;;ETATS-UNIS;165164;3664,6;201810
202412;DLA;AIR DOLOMITI;;ITALIE;12512;0;12512
202412;DLH;LUFTHANSA;;ALLEMAGNE;205258;523,3;210491
202412;DTH;TASSILI AIRLINES;;ALGERIE;13344;0;13344
202412;EFW;BA EUROFLYER;;ROYAUME-UNI;10309;0;10309
202412;EIN;AER LINGUS;;IRLANDE;51865;84,6;52711
202412;EJU;EASYJET EUROPE;;AUTRICHE;1244373;0;1244373
202412;ELY;EL AL;;ISRAEL;44040;732,9;51369
202412;ETD;ETIHAD AIRWAYS;;EMIRATS ARABES UNIS;27401;660,7;34008
202412;ETH;ETHIOPIAN AIRLINES;;ETHIOPIE;25825;731,6;33141
202412;EVA;EVA AIR;;TAIWAN;17350;847,1;25821
202412;EWG;EUROWINGS;;ALLEMAGNE;13383;0;13383
202412;EXS;JET2.COM;;ROYAUME-UNI;17927;1,3;17940
202412;EZS;EASYJET SWITZERLAND;;SUISSE;342516;0;342516
202412;EZY;EASYJET UK;;ROYAUME-UNI;397783;0;397783
202412;FBU;FRENCH BEE;;FRANCE;81055;1674,8;97803
202412;FDX;FEDEX EXPRESS;;ETATS-UNIS;0;46561,8;465618
202412;FIN;FINNAIR;;FINLANDE;25577;87,6;26453
202412;FPO;ASL AIRLINES FRANCE;;FRANCE;36204;1106,7;47271
202412;FWI;AIR CARAIBES;;FRANCE (OM);154418;1452,5;168943
202412;GPX;GP AVIATION LTD.;;BULGARIE;17799;0;17799
202412;GSW;CHAIR AIRLINES;;SUISSE;13376;0;13376
202412;HLF;CHINA CENTRAL AIRLINES;;CHINE;0;4832,2;48322
202412;HVN;VIETNAM AIRLINES;;VIETNAM;25581;1364,5;39226
202412;IBE;IBERIA;;ESPAGNE;123332;154,5;124877
202412;ICE;ICELANDAIR;;ISLANDE;12127;55,7;12684
202412;ITY;ITALIA TRASPORTO AEREO;;ITALIE;82080;66,2;82742
202412;JAF;TUIFLY BELGIUM;;BELGIQUE;29139;0;29139
202412;JAL;JAPAN AIRLINES;;JAPON;11678;996,1;21639
202412;JBU;JETBLUE AIRWAYS CORPORAT;;ETATS-UNIS;15187;1,5;15202
202412;KAL;KOREAN AIR;;COREE DU SUD;12483;1527,3;27756
202412;KLC;KLM/CITYHOPPER;;PAYS-BAS;28076;0,3;28079
202412;KLM;KLM;;PAYS-BAS;129629;26,9;129898
202412;KMM;KM MALTA AIRLINES;;MALTE;17241;21,9;17460
202412;KQA;KENYA AIRWAYS;;KENYA;11603;604,2;17645
202412;LBT;NOUVELAIR;;TUNISIE;83656;22,8;83884
202412;LGL;LUXAIR;;LUXEMBOURG;13959;0;13959
202412;LOT;LOT POLISH AIRLINES;;POLOGNE;25843;30,5;26148
202412;MAC;AIR ARABIA MAROC;;MAROC;51552;5,8;51610
202412;MAU;AIR MAURITIUS;;MAURICE;50922;1145,3;62375
202412;MEA;MIDDLE EAST AIRLINES;;LIBAN;23376;437,4;27750
202412;MNB;MNG AIRLINES;;TURQUIE;0;1089,6;10896
202412;MSR;EGYPT AIR;;EGYPTE;18703;805,7;26760
202412;NOZ;NORWEGIAN AIR SHUTTLE AOC AS;;NORVEGE;12722;0,9;12731
202412;NSZ;NORWEGIAN AIR SWEDEN AOC;;SUEDE;17163;0;17163
202412;OMA;OMAN AIR;;OMAN;9757;525,2;15009
202412;PGT;PEGASUS;;TURQUIE;88820;50,3;89323
202412;QTR;QATAR AIRWAYS;;QATAR;90500;6639;156890
202412;RAM;ROYAL AIR MAROC;;MAROC;133391;249,2;135883
202412;REU;AIR AUSTRAL;;FRANCE (OM);111506;1736,2;128868
202412;RJA;ROYAL JORDANIAN;;JORDANIE;11223;57,7;11800
202412;ROT;TAROM;;ROUMANIE;14668;28,7;14955
202412;ROU;AIR CANADA ROUGE;;CANADA;12461;6,9;12530
202412;RYR;RYANAIR;;IRLANDE;996490;15,5;996645
202412;SAS;SAS;;SUEDE;53185;69,2;53877
202412;SEH;SKY EXPRESS;;GRECE;10133;13,9;10272
202412;SIA;SINGAPORE AIRLINES;;SINGAPOUR;20136;1222,6;32362
202412;SRR;STAR AIR DANEMARK;;DANEMARK;0;4788,1;47881
202412;SVA;SAUDIA;;ARABIE SAOUDITE;38019;1099;49009
202412;SWR;SWISS;;SUISSE;52365;212,7;54492
202412;SWT;SWIFTAIR ESPAGNE;;ESPAGNE;74;1880;18874
202412;SXS;SUNEXPRESS;;TURQUIE;19334;0;19334
202412;SZN;AIR SENEGAL;;SENEGAL;13739;415,1;17890
202412;TAM;TAM/BRASIL;;BRESIL;16350;491,1;21261
202412;TAP;TAP AIR PORTUGAL;;PORTUGAL;102892;59,2;103484
202412;TAR;TUNISAIR;;TUNISIE;85910;175,7;87667
202412;THA;THAI AIRWAYS INTL;;THAILANDE;19475;937,1;28846
202412;THT;AIR TAHITI NUI;;FRANCE (OM);30768;734,7;38115
202412;THY;TURKISH AIRLINES;;TURQUIE;149494;2958,2;179076
202412;TKJ;AJET;;TURQUIE;29106;9,4;29200
202412;TOM;TUI AIRWAYS;;ROYAUME-UNI;13759;6,1;13820
202412;TPC;AIR CALEDONIE;;FRANCE (OM);19604;82,7;20431
202412;TSC;AIR TRANSAT;;CANADA;48471;6,7;48538
202412;TVF;TRANSAVIA FRANCE;;FRANCE;931864;0;931864
202412;TVS;TRAVEL SERVICE / SMARTWINGS;;TCHEQUIE;11244;7,1;11315
202412;TWB;T'WAY AIR CO., LTD;;COREE DU SUD;8508;562,1;14129
202412;UAE;EMIRATES;;EMIRATS ARABES UNIS;120150;3591,4;156064
202412;UAL;UNITED AIRLINES;;ETATS-UNIS;69892;2291,4;92806
202412;UPS;UPS AIRLINES;;ETATS-UNIS;0;2519,1;25191
202412;VLG;VUELING AIRLINES;;ESPAGNE;425061;1,1;425072
202412;VOE;VOLOTEA;;ESPAGNE;475501;0,3;475504
202412;VTA;AIR TAHITI;;FRANCE (OM);73682;288;76562
202412;WIA;WINAIR (ANTILLES);;PAYS-BAS (ANTILLES);12001;0;12001
202412;WJA;WESTJET;;CANADA;18995;503,7;24032
202412;WMT;WIZZ AIR MALTA;;MALTE;147367;0;147367
202412;WZZ;WIZZ AIR;;HONGRIE;141890;0;141890
202412;ZZE; AUTRES CIE (E);;_ZZ_E;219691;5319,5;272886
202412;ZZF; AUTRES CIE (F);;_ZZ_F;49058;820,4;57262